Artist,Track,Popularity,Duration,Explicit,Markets,URI,danceability,energy,key,loudness,mode,speechiness,acousticness,instrumentalness,liveness,valence,tempo,duration_ms,time_signature
Taylor Swift,willow,79,214706,False,"['AD', 'AE', 'AL', 'AR', 'AT', 'AU', 'BA', 'BE', 'BG', 'BH', 'BO', 'BR', 'BY', 'CA', 'CH', 'CL', 'CO', 'CR', 'CY', 'CZ', 'DE', 'DK', 'DO', 'DZ', 'EC', 'EE', 'EG', 'ES', 'FI', 'FR', 'GB', 'GR', 'GT', 'HK', 'HN', 'HR', 'HU', 'ID', 'IE', 'IL', 'IN', 'IS', 'IT', 'JO', 'KW', 'KZ', 'LB', 'LI', 'LT', 'LU', 'LV', 'MA', 'MC', 'MD', 'ME', 'MK', 'MT', 'MX', 'MY', 'NI', 'NL', 'NO', 'NZ', 'OM', 'PA', 'PE', 'PH', 'PL', 'PS', 'PT', 'PY', 'QA', 'RO', 'RS', 'RU', 'SA', 'SE', 'SG', 'SI', 'SK', 'SV', 'TH', 'TN', 'TR', 'TW', 'UA', 'US', 'UY', 'VN', 'XK', 'ZA']",spotify:track:0lx2cLdOt3piJbcaXIV74f,0.392,0.574,7,-9.195,1,0.17,0.833,0.00179,0.145,0.529,81.112,214707,4
Dua Lipa,Levitating (feat. DaBaby),90,203064,False,"['AD', 'AE', 'AL', 'AR', 'AU', 'BA', 'BE', 'BG', 'BH', 'BO', 'BR', 'BY', 'CA', 'CL', 'CO', 'CR', 'CY', 'CZ', 'DK', 'DO', 'DZ', 'EC', 'EE', 'EG', 'ES', 'FI', 'FR', 'GB', 'GR', 'GT', 'HK', 'HN', 'HR', 'HU', 'ID', 'IE', 'IL', 'IN', 'IS', 'IT', 'JO', 'JP', 'KW', 'KZ', 'LB', 'LI', 'LT', 'LU', 'LV', 'MA', 'MC', 'MD', 'ME', 'MK', 'MT', 'MX', 'MY', 'NI', 'NO', 'NZ', 'OM', 'PA', 'PE', 'PH', 'PL', 'PS', 'PT', 'PY', 'QA', 'RO', 'RS', 'RU', 'SA', 'SE', 'SG', 'SI', 'SK', 'SV', 'TH', 'TN', 'TR', 'TW', 'UA', 'US', 'UY', 'VN', 'XK', 'ZA']",spotify:track:463CkQjx2Zk1yXoBuierM9,0.702,0.825,6,-3.787,0,0.0601,0.00883,0.0,0.0674,0.915,102.977,203064,4
Ariana Grande,positions,82,172324,True,[],spotify:track:7igeByaBM0MgGsgXtNxDJ7,0.736,0.802,0,-4.759,1,0.0864,0.468,0.0,0.094,0.675,144.005,172325,4
Shawn Mendes,Monster (Shawn Mendes & Justin Bieber),93,178994,False,"['AD', 'AE', 'AL', 'AR', 'AT', 'AU', 'BA', 'BE', 'BG', 'BH', 'BO', 'BR', 'BY', 'CA', 'CH', 'CL', 'CO', 'CR', 'CY', 'CZ', 'DE', 'DK', 'DO', 'DZ', 'EC', 'EE', 'EG', 'ES', 'FI', 'FR', 'GB', 'GR', 'GT', 'HK', 'HN', 'HR', 'HU', 'ID', 'IE', 'IL', 'IN', 'IS', 'IT', 'JO', 'JP', 'KW', 'KZ', 'LB', 'LI', 'LT', 'LU', 'LV', 'MA', 'MC', 'MD', 'ME', 'MK', 'MT', 'MX', 'MY', 'NI', 'NL', 'NO', 'NZ', 'OM', 'PA', 'PE', 'PH', 'PL', 'PS', 'PT', 'PY', 'QA', 'RO', 'RS', 'RU', 'SA', 'SG', 'SI', 'SK', 'SV', 'TH', 'TN', 'TR', 'TW', 'UA', 'US', 'UY', 'VN', 'XK', 'ZA']",spotify:track:2Z8yfpFX0ZMavHkcIeHiO1,0.652,0.383,2,-7.076,0,0.0516,0.0676,0.0,0.0828,0.549,145.765,178994,4
Billie Eilish,Therefore I Am,96,174321,False,"['AD', 'AE', 'AL', 'AR', 'AT', 'AU', 'BA', 'BE', 'BG', 'BH', 'BO', 'BR', 'BY', 'CA', 'CH', 'CL', 'CO', 'CR', 'CY', 'CZ', 'DE', 'DK', 'DO', 'DZ', 'EC', 'EE', 'EG', 'ES', 'FI', 'FR', 'GB', 'GR', 'GT', 'HK', 'HN', 'HR', 'HU', 'ID', 'IE', 'IL', 'IN', 'IS', 'IT', 'JO', 'JP', 'KW', 'KZ', 'LB', 'LI', 'LT', 'LU', 'LV', 'MA', 'MC', 'MD', 'ME', 'MK', 'MT', 'MX', 'MY', 'NI', 'NL', 'NO', 'NZ', 'OM', 'PA', 'PE', 'PH', 'PL', 'PS', 'PT', 'PY', 'QA', 'RO', 'RS', 'RU', 'SA', 'SE', 'SG', 'SI', 'SK', 'SV', 'TH', 'TN', 'TR', 'TW', 'UA', 'US', 'UY', 'VN', 'XK', 'ZA']",spotify:track:54bFM56PmE4YLRnqpW6Tha,0.889,0.34,11,-7.773,0,0.0697,0.218,0.13,0.055,0.716,94.009,174321,4
Lil Nas X,HOLIDAY,91,154997,True,"['AD', 'AE', 'AL', 'AR', 'AT', 'AU', 'BA', 'BE', 'BG', 'BH', 'BO', 'BR', 'BY', 'CA', 'CH', 'CL', 'CO', 'CR', 'CY', 'CZ', 'DE', 'DK', 'DO', 'DZ', 'EC', 'EE', 'EG', 'ES', 'FI', 'FR', 'GB', 'GR', 'GT', 'HK', 'HN', 'HR', 'HU', 'ID', 'IE', 'IL', 'IN', 'IS', 'IT', 'JO', 'JP', 'KW', 'KZ', 'LB', 'LI', 'LT', 'LU', 'LV', 'MA', 'MC', 'MD', 'ME', 'MK', 'MT', 'MX', 'MY', 'NI', 'NL', 'NO', 'NZ', 'OM', 'PA', 'PE', 'PH', 'PL', 'PS', 'PT', 'PY', 'QA', 'RO', 'RS', 'RU', 'SA', 'SE', 'SG', 'SI', 'SK', 'SV', 'TH', 'TN', 'TR', 'TW', 'UA', 'US', 'UY', 'VN', 'XK', 'ZA']",spotify:track:6zFMeegAMYQo0mt8rXtrli,0.81,0.511,5,-6.924,0,0.164,0.12,0.0,0.0832,0.837,151.947,154998,4
Pop Smoke,What You Know Bout Love,95,160000,True,"['AD', 'AE', 'AL', 'AR', 'AT', 'AU', 'BA', 'BE', 'BG', 'BH', 'BO', 'BR', 'BY', 'CA', 'CH', 'CL', 'CO', 'CR', 'CY', 'CZ', 'DE', 'DK', 'DO', 'DZ', 'EC', 'EE', 'EG', 'ES', 'FI', 'FR', 'GB', 'GR', 'GT', 'HK', 'HN', 'HR', 'HU', 'ID', 'IE', 'IL', 'IN', 'IS', 'IT', 'JO', 'JP', 'KW', 'KZ', 'LB', 'LI', 'LT', 'LU', 'LV', 'MA', 'MC', 'MD', 'ME', 'MK', 'MT', 'MX', 'MY', 'NI', 'NL', 'NO', 'NZ', 'OM', 'PA', 'PE', 'PH', 'PL', 'PS', 'PT', 'PY', 'QA', 'RO', 'RS', 'RU', 'SA', 'SE', 'SG', 'SI', 'SK', 'SV', 'TH', 'TN', 'TR', 'TW', 'UA', 'US', 'UY', 'VN', 'XK', 'ZA']",spotify:track:1tkg4EHVoqnhR6iFEXb60y,0.709,0.548,10,-8.493,1,0.353,0.65,1.59e-06,0.133,0.543,83.995,160000,4
Bad Bunny,Dakiti,100,205090,True,"['AD', 'AE', 'AL', 'AR', 'AT', 'AU', 'BA', 'BE', 'BG', 'BH', 'BO', 'BR', 'BY', 'CA', 'CH', 'CL', 'CO', 'CR', 'CY', 'CZ', 'DE', 'DK', 'DO', 'DZ', 'EC', 'EE', 'EG', 'ES', 'FI', 'FR', 'GB', 'GR', 'GT', 'HK', 'HN', 'HR', 'HU', 'ID', 'IE', 'IL', 'IN', 'IS', 'IT', 'JO', 'JP', 'KW', 'KZ', 'LB', 'LI', 'LT', 'LU', 'LV', 'MA', 'MC', 'MD', 'ME', 'MK', 'MT', 'MX', 'MY', 'NI', 'NL', 'NO', 'NZ', 'OM', 'PA', 'PE', 'PH', 'PL', 'PS', 'PT', 'PY', 'QA', 'RO', 'RS', 'RU', 'SA', 'SE', 'SG', 'SI', 'SK', 'SV', 'TH', 'TN', 'TR', 'TW', 'UA', 'US', 'UY', 'VN', 'XK', 'ZA']",spotify:track:47EiUVwUp4C9fGccaPuUCS,0.731,0.573,4,-10.059,0,0.0544,0.401,5.22e-05,0.113,0.145,109.928,205090,4
Miley Cyrus,Prisoner (feat. Dua Lipa),90,169333,False,"['AD', 'AE', 'AL', 'AR', 'AT', 'AU', 'BA', 'BE', 'BG', 'BH', 'BO', 'BR', 'BY', 'CA', 'CH', 'CL', 'CO', 'CR', 'CY', 'CZ', 'DE', 'DK', 'DO', 'DZ', 'EC', 'EE', 'EG', 'ES', 'FI', 'FR', 'GB', 'GR', 'GT', 'HK', 'HN', 'HR', 'HU', 'ID', 'IE', 'IL', 'IN', 'IS', 'IT', 'JO', 'JP', 'KW', 'KZ', 'LB', 'LI', 'LT', 'LU', 'LV', 'MA', 'MC', 'MD', 'ME', 'MK', 'MT', 'MX', 'MY', 'NI', 'NL', 'NO', 'NZ', 'OM', 'PA', 'PE', 'PH', 'PL', 'PS', 'PT', 'PY', 'QA', 'RO', 'RS', 'RU', 'SA', 'SG', 'SI', 'SK', 'SV', 'TH', 'TN', 'TR', 'TW', 'UA', 'US', 'UY', 'VN', 'XK', 'ZA']",spotify:track:5JqZ3oqF00jkT81foAFvqg,0.781,0.67,3,-3.912,0,0.0452,0.0103,0.0,0.0761,0.595,127.99,169333,4
24kGoldn,Mood (feat. iann dior),99,140525,True,"['AD', 'AE', 'AL', 'AR', 'AT', 'AU', 'BA', 'BE', 'BG', 'BH', 'BO', 'BR', 'BY', 'CA', 'CH', 'CL', 'CO', 'CR', 'CY', 'CZ', 'DE', 'DK', 'DO', 'DZ', 'EC', 'EE', 'EG', 'ES', 'FI', 'FR', 'GB', 'GR', 'GT', 'HK', 'HN', 'HR', 'HU', 'ID', 'IE', 'IL', 'IN', 'IS', 'IT', 'JO', 'JP', 'KW', 'KZ', 'LB', 'LI', 'LT', 'LU', 'LV', 'MA', 'MC', 'MD', 'ME', 'MK', 'MT', 'MX', 'MY', 'NI', 'NL', 'NO', 'NZ', 'OM', 'PA', 'PE', 'PH', 'PL', 'PS', 'PT', 'PY', 'QA', 'RO', 'RS', 'RU', 'SA', 'SE', 'SG', 'SI', 'SK', 'SV', 'TH', 'TN', 'TR', 'TW', 'UA', 'US', 'UY', 'VN', 'XK', 'ZA']",spotify:track:3tjFYV6RSFtuktYl3ZtYcq,0.7,0.722,7,-3.558,0,0.0369,0.221,0.0,0.272,0.756,90.989,140526,4
Ariana Grande,34+35,94,173710,True,"['AD', 'AE', 'AL', 'AR', 'AT', 'AU', 'BA', 'BE', 'BG', 'BH', 'BO', 'BR', 'BY', 'CA', 'CH', 'CL', 'CO', 'CR', 'CY', 'CZ', 'DE', 'DK', 'DO', 'DZ', 'EC', 'EE', 'EG', 'ES', 'FI', 'FR', 'GB', 'GR', 'GT', 'HK', 'HN', 'HR', 'HU', 'ID', 'IE', 'IL', 'IN', 'IS', 'IT', 'JO', 'JP', 'KW', 'KZ', 'LB', 'LI', 'LT', 'LU', 'LV', 'MA', 'MC', 'MD', 'ME', 'MK', 'MT', 'MX', 'MY', 'NI', 'NL', 'NO', 'NZ', 'OM', 'PA', 'PE', 'PH', 'PL', 'PS', 'PT', 'PY', 'QA', 'RO', 'RS', 'RU', 'SA', 'SE', 'SG', 'SI', 'SK', 'SV', 'TH', 'TN', 'TR', 'TW', 'UA', 'US', 'UY', 'VN', 'XK', 'ZA']",spotify:track:6Im9k8u9iIzKMrmV7BWtlF,0.83,0.585,0,-6.476,1,0.094,0.237,0.0,0.248,0.485,109.978,173711,4
The Kid LAROI,WITHOUT YOU,88,161384,True,"['AD', 'AE', 'AL', 'AR', 'AT', 'AU', 'BA', 'BE', 'BG', 'BH', 'BO', 'BR', 'BY', 'CA', 'CH', 'CL', 'CO', 'CR', 'CY', 'CZ', 'DE', 'DK', 'DO', 'DZ', 'EC', 'EE', 'EG', 'ES', 'FI', 'FR', 'GB', 'GR', 'GT', 'HK', 'HN', 'HR', 'HU', 'ID', 'IE', 'IL', 'IN', 'IS', 'IT', 'JO', 'JP', 'KW', 'KZ', 'LB', 'LI', 'LT', 'LU', 'LV', 'MA', 'MC', 'MD', 'ME', 'MK', 'MT', 'MX', 'MY', 'NI', 'NL', 'NO', 'NZ', 'OM', 'PA', 'PE', 'PH', 'PL', 'PS', 'PT', 'PY', 'QA', 'RO', 'RS', 'RU', 'SA', 'SE', 'SG', 'SI', 'SK', 'SV', 'TH', 'TN', 'TR', 'TW', 'UA', 'US', 'UY', 'VN', 'XK', 'ZA']",spotify:track:27OeeYzk6klgBh83TSvGMA,0.662,0.413,0,-7.357,1,0.0299,0.213,0.0,0.134,0.467,93.005,161385,4
Ritt Momney,Put Your Records On,92,210463,False,"['AD', 'AE', 'AL', 'AR', 'AT', 'AU', 'BA', 'BE', 'BG', 'BH', 'BO', 'BR', 'BY', 'CA', 'CH', 'CL', 'CO', 'CR', 'CY', 'CZ', 'DE', 'DK', 'DO', 'DZ', 'EC', 'EE', 'EG', 'ES', 'FI', 'FR', 'GB', 'GR', 'GT', 'HK', 'HN', 'HR', 'HU', 'ID', 'IE', 'IL', 'IN', 'IS', 'IT', 'JO', 'JP', 'KW', 'KZ', 'LB', 'LI', 'LT', 'LU', 'LV', 'MA', 'MC', 'MD', 'ME', 'MK', 'MT', 'MX', 'MY', 'NI', 'NL', 'NO', 'NZ', 'OM', 'PA', 'PE', 'PH', 'PL', 'PS', 'PT', 'PY', 'QA', 'RO', 'RS', 'RU', 'SA', 'SE', 'SG', 'SI', 'SK', 'SV', 'TH', 'TN', 'TR', 'TW', 'UA', 'US', 'UY', 'VN', 'XK', 'ZA']",spotify:track:6AGOKlMZWLCaEJGnaROtF9,0.399,0.491,6,-10.778,0,0.0538,0.0563,0.00089,0.11,0.151,91.066,210463,4
Justin Bieber,Lonely (with benny blanco),95,149297,True,"['AD', 'AE', 'AL', 'AR', 'AT', 'AU', 'BA', 'BE', 'BG', 'BH', 'BO', 'BR', 'BY', 'CA', 'CH', 'CL', 'CO', 'CR', 'CY', 'CZ', 'DE', 'DK', 'DO', 'DZ', 'EC', 'EE', 'EG', 'ES', 'FI', 'FR', 'GB', 'GR', 'GT', 'HK', 'HN', 'HR', 'HU', 'ID', 'IE', 'IL', 'IN', 'IS', 'IT', 'JO', 'JP', 'KW', 'KZ', 'LB', 'LI', 'LT', 'LU', 'LV', 'MA', 'MC', 'MD', 'ME', 'MK', 'MT', 'MX', 'MY', 'NI', 'NL', 'NO', 'NZ', 'OM', 'PA', 'PE', 'PH', 'PL', 'PS', 'PT', 'PY', 'QA', 'RO', 'RS', 'RU', 'SA', 'SE', 'SG', 'SI', 'SK', 'SV', 'TH', 'TN', 'TR', 'TW', 'UA', 'US', 'UY', 'VN', 'XK', 'ZA']",spotify:track:4y4spB9m0Q6026KfkAvy9Q,0.631,0.239,11,-7.071,0,0.0398,0.864,0.0,0.116,0.0927,79.859,149297,4
The Weeknd,Blinding Lights (with ROSALÍA) - Remix,79,216123,False,"['AD', 'AE', 'AL', 'AR', 'AT', 'AU', 'BA', 'BE', 'BG', 'BH', 'BO', 'BR', 'BY', 'CA', 'CH', 'CL', 'CO', 'CR', 'CY', 'CZ', 'DE', 'DK', 'DO', 'DZ', 'EC', 'EE', 'EG', 'ES', 'FI', 'FR', 'GB', 'GR', 'GT', 'HK', 'HN', 'HR', 'HU', 'ID', 'IE', 'IL', 'IN', 'IS', 'IT', 'JO', 'JP', 'KW', 'KZ', 'LB', 'LI', 'LT', 'LU', 'LV', 'MA', 'MC', 'MD', 'ME', 'MK', 'MT', 'MX', 'MY', 'NI', 'NL', 'NO', 'NZ', 'OM', 'PA', 'PE', 'PH', 'PL', 'PS', 'PT', 'PY', 'QA', 'RO', 'RS', 'RU', 'SA', 'SE', 'SG', 'SI', 'SK', 'SV', 'TH', 'TN', 'TR', 'TW', 'UA', 'US', 'UY', 'VN', 'XK', 'ZA']",spotify:track:7MXgrcOQAJ5VwSNUL0lDd3,0.49,0.694,5,-5.793,0,0.0618,0.0133,4.62e-05,0.0946,0.249,170.903,216123,4
HVME,Goosebumps,87,163208,True,"['AD', 'AE', 'AL', 'AR', 'AT', 'AU', 'BA', 'BE', 'BG', 'BH', 'BO', 'BR', 'BY', 'CA', 'CH', 'CL', 'CO', 'CR', 'CY', 'CZ', 'DE', 'DK', 'DO', 'DZ', 'EC', 'EE', 'EG', 'ES', 'FI', 'FR', 'GB', 'GR', 'GT', 'HK', 'HN', 'HR', 'HU', 'ID', 'IE', 'IL', 'IN', 'IS', 'IT', 'JO', 'JP', 'KW', 'KZ', 'LB', 'LI', 'LU', 'LV', 'MA', 'MC', 'MD', 'ME', 'MK', 'MT', 'MX', 'MY', 'NI', 'NL', 'NO', 'NZ', 'OM', 'PA', 'PE', 'PH', 'PL', 'PS', 'PT', 'PY', 'QA', 'RO', 'RS', 'RU', 'SA', 'SE', 'SG', 'SI', 'SK', 'SV', 'TH', 'TN', 'TR', 'TW', 'UA', 'US', 'UY', 'VN', 'XK', 'ZA']",spotify:track:20McUFi8KCIVdNDLrkTDuZ,0.767,0.659,1,-7.429,1,0.0444,0.325,0.0,0.13,0.439,124.946,163208,4
Internet Money,Lemonade,93,195428,True,"['AD', 'AE', 'AL', 'AR', 'AT', 'AU', 'BA', 'BE', 'BG', 'BH', 'BO', 'BR', 'BY', 'CA', 'CH', 'CL', 'CO', 'CR', 'CY', 'CZ', 'DE', 'DK', 'DO', 'DZ', 'EC', 'EE', 'EG', 'ES', 'FI', 'FR', 'GB', 'GR', 'GT', 'HK', 'HN', 'HR', 'HU', 'ID', 'IE', 'IL', 'IN', 'IS', 'IT', 'JO', 'JP', 'KW', 'KZ', 'LB', 'LI', 'LT', 'LU', 'LV', 'MA', 'MC', 'MD', 'ME', 'MK', 'MT', 'MX', 'MY', 'NI', 'NL', 'NO', 'NZ', 'OM', 'PA', 'PE', 'PH', 'PL', 'PS', 'PT', 'PY', 'QA', 'RO', 'RS', 'RU', 'SA', 'SE', 'SG', 'SI', 'SK', 'SV', 'TH', 'TN', 'TR', 'TW', 'UA', 'US', 'UY', 'VN', 'XK', 'ZA']",spotify:track:02kDW379Yfd5PzW5A6vuGt,0.799,0.66,1,-6.153,0,0.079,0.256,0.0,0.111,0.471,140.04,195429,4
Tate McRae,you broke me first,94,169265,False,"['AD', 'AE', 'AL', 'AR', 'AT', 'AU', 'BA', 'BE', 'BG', 'BH', 'BO', 'BR', 'BY', 'CA', 'CH', 'CL', 'CO', 'CR', 'CY', 'CZ', 'DE', 'DK', 'DO', 'DZ', 'EC', 'EE', 'EG', 'ES', 'FI', 'FR', 'GB', 'GR', 'GT', 'HK', 'HN', 'HR', 'HU', 'ID', 'IE', 'IL', 'IN', 'IS', 'IT', 'JO', 'JP', 'KW', 'KZ', 'LB', 'LI', 'LT', 'LU', 'LV', 'MA', 'MC', 'MD', 'ME', 'MK', 'MT', 'MX', 'MY', 'NI', 'NL', 'NO', 'NZ', 'OM', 'PA', 'PE', 'PH', 'PL', 'PS', 'PT', 'PY', 'QA', 'RO', 'RS', 'RU', 'SA', 'SE', 'SG', 'SI', 'SK', 'SV', 'TH', 'TN', 'TR', 'TW', 'UA', 'US', 'UY', 'VN', 'XK', 'ZA']",spotify:track:45bE4HXI0AwGZXfZtMp8JR,0.642,0.374,4,-9.386,1,0.0545,0.786,0.0,0.0906,0.0799,124.099,169266,4
Juice WRLD,Reminds Me Of You,80,158032,True,"['AD', 'AE', 'AL', 'AR', 'AT', 'AU', 'BA', 'BE', 'BG', 'BH', 'BO', 'BR', 'BY', 'CA', 'CH', 'CL', 'CO', 'CR', 'CY', 'CZ', 'DE', 'DK', 'DO', 'DZ', 'EC', 'EE', 'EG', 'ES', 'FI', 'FR', 'GB', 'GR', 'GT', 'HK', 'HN', 'HR', 'HU', 'ID', 'IE', 'IL', 'IN', 'IS', 'IT', 'JO', 'JP', 'KW', 'KZ', 'LB', 'LI', 'LT', 'LU', 'LV', 'MA', 'MC', 'MD', 'ME', 'MK', 'MT', 'MX', 'MY', 'NI', 'NL', 'NO', 'NZ', 'OM', 'PA', 'PE', 'PH', 'PL', 'PS', 'PT', 'PY', 'QA', 'RO', 'RS', 'RU', 'SA', 'SE', 'SG', 'SI', 'SK', 'SV', 'TH', 'TN', 'TR', 'TW', 'UA', 'US', 'UY', 'VN', 'XK', 'ZA']",spotify:track:5YSHygGN9D0mID1NsVd5my,0.613,0.631,4,-6.965,1,0.12,0.0663,0.0,0.169,0.33,149.992,158033,4
MEDUZA,Paradise (feat. Dermot Kennedy),89,167903,False,"['AD', 'AE', 'AL', 'AR', 'AT', 'AU', 'BA', 'BE', 'BG', 'BH', 'BO', 'BR', 'BY', 'CA', 'CH', 'CL', 'CO', 'CR', 'CY', 'CZ', 'DE', 'DK', 'DO', 'DZ', 'EC', 'EE', 'EG', 'ES', 'FI', 'FR', 'GB', 'GR', 'GT', 'HK', 'HN', 'HR', 'HU', 'ID', 'IE', 'IL', 'IN', 'IS', 'IT', 'JO', 'JP', 'KW', 'KZ', 'LB', 'LI', 'LT', 'LU', 'LV', 'MA', 'MC', 'MD', 'ME', 'MK', 'MT', 'MX', 'MY', 'NI', 'NL', 'NO', 'NZ', 'OM', 'PA', 'PE', 'PH', 'PL', 'PS', 'PT', 'PY', 'QA', 'RO', 'RS', 'RU', 'SA', 'SE', 'SG', 'SI', 'SK', 'SV', 'TH', 'TN', 'TR', 'TW', 'UA', 'US', 'UY', 'VN', 'XK', 'ZA']",spotify:track:6ft4hAq6yde8jPZY2i5zLr,0.632,0.595,8,-7.644,0,0.0401,0.0689,0.0,0.209,0.435,124.114,167903,4
Maluma,Hawái - Remix,90,200481,False,"['AD', 'AE', 'AL', 'AR', 'AT', 'AU', 'BA', 'BE', 'BG', 'BH', 'BO', 'BR', 'BY', 'CA', 'CH', 'CL', 'CO', 'CR', 'CY', 'CZ', 'DE', 'DK', 'DO', 'DZ', 'EC', 'EE', 'EG', 'ES', 'FI', 'FR', 'GB', 'GR', 'GT', 'HK', 'HN', 'HR', 'HU', 'ID', 'IE', 'IL', 'IN', 'IS', 'IT', 'JO', 'JP', 'KW', 'KZ', 'LB', 'LI', 'LT', 'LU', 'LV', 'MA', 'MC', 'MD', 'ME', 'MK', 'MT', 'MX', 'MY', 'NI', 'NL', 'NO', 'NZ', 'OM', 'PA', 'PE', 'PH', 'PL', 'PS', 'PT', 'PY', 'QA', 'RO', 'RS', 'RU', 'SA', 'SE', 'SG', 'SI', 'SK', 'SV', 'TH', 'TN', 'TR', 'TW', 'UA', 'US', 'UY', 'VN', 'XK', 'ZA']",spotify:track:0GzuHFG4Ql6DoyxFRnIk3F,0.766,0.788,6,-3.128,0,0.312,0.105,5.81e-06,0.142,0.609,179.984,200482,4
Fousheé,Deep End,89,141223,True,"['AD', 'AE', 'AL', 'AR', 'AT', 'AU', 'BA', 'BE', 'BG', 'BH', 'BO', 'BR', 'BY', 'CA', 'CH', 'CL', 'CO', 'CR', 'CY', 'CZ', 'DE', 'DK', 'DO', 'DZ', 'EC', 'EE', 'EG', 'ES', 'FI', 'FR', 'GB', 'GR', 'GT', 'HK', 'HN', 'HR', 'HU', 'ID', 'IE', 'IL', 'IN', 'IS', 'IT', 'JO', 'JP', 'KW', 'KZ', 'LB', 'LI', 'LT', 'LU', 'LV', 'MA', 'MC', 'MD', 'ME', 'MK', 'MT', 'MX', 'MY', 'NI', 'NL', 'NO', 'NZ', 'OM', 'PA', 'PE', 'PH', 'PL', 'PS', 'PT', 'PY', 'QA', 'RO', 'RS', 'RU', 'SA', 'SE', 'SG', 'SI', 'SK', 'SV', 'TH', 'TN', 'TR', 'TW', 'UA', 'US', 'UY', 'VN', 'XK', 'ZA']",spotify:track:6HlE9t71z9DjGi7KqSyEpA,0.711,0.592,4,-7.136,0,0.23,0.758,0.0,0.156,0.535,124.749,141224,4
Megan Thee Stallion,Body,87,171067,True,"['AD', 'AE', 'AL', 'AR', 'AT', 'AU', 'BA', 'BE', 'BG', 'BH', 'BO', 'BR', 'BY', 'CA', 'CH', 'CL', 'CO', 'CR', 'CY', 'CZ', 'DE', 'DK', 'DO', 'DZ', 'EC', 'EE', 'EG', 'ES', 'FI', 'FR', 'GB', 'GR', 'GT', 'HK', 'HN', 'HR', 'HU', 'ID', 'IE', 'IL', 'IN', 'IS', 'IT', 'JO', 'JP', 'KW', 'KZ', 'LB', 'LI', 'LT', 'LU', 'LV', 'MA', 'MC', 'MD', 'ME', 'MK', 'MT', 'MX', 'MY', 'NI', 'NL', 'NO', 'NZ', 'OM', 'PA', 'PE', 'PH', 'PL', 'PS', 'PT', 'PY', 'QA', 'RO', 'RS', 'RU', 'SA', 'SE', 'SG', 'SI', 'SK', 'SV', 'TH', 'TN', 'TR', 'TW', 'UA', 'US', 'UY', 'VN', 'XK', 'ZA']",spotify:track:0A1hoCfMLkiAgvhWkkucJa,0.914,0.732,8,-6.1,0,0.241,0.0166,0.0,0.107,0.469,94.066,171067,4
Ariana Grande,pov,79,201882,False,"['AD', 'AE', 'AL', 'AR', 'AT', 'AU', 'BA', 'BE', 'BG', 'BH', 'BO', 'BR', 'BY', 'CA', 'CH', 'CL', 'CO', 'CR', 'CY', 'CZ', 'DE', 'DK', 'DO', 'DZ', 'EC', 'EE', 'EG', 'ES', 'FI', 'FR', 'GB', 'GR', 'GT', 'HK', 'HN', 'HR', 'HU', 'ID', 'IE', 'IL', 'IN', 'IS', 'IT', 'JO', 'JP', 'KW', 'KZ', 'LB', 'LI', 'LT', 'LU', 'LV', 'MA', 'MC', 'MD', 'ME', 'MK', 'MT', 'MX', 'MY', 'NI', 'NL', 'NO', 'NZ', 'OM', 'PA', 'PE', 'PH', 'PL', 'PS', 'PT', 'PY', 'QA', 'RO', 'RS', 'RU', 'SA', 'SE', 'SG', 'SI', 'SK', 'SV', 'TH', 'TN', 'TR', 'TW', 'UA', 'US', 'UY', 'VN', 'XK', 'ZA']",spotify:track:1bj8x3ERN9gSc2NfJIpc76,0.474,0.533,0,-5.648,0,0.0559,0.36,0.0,0.101,0.165,131.762,201882,4
Jason Derulo,Take You Dancing,91,190306,False,"['AD', 'AE', 'AL', 'AR', 'AT', 'AU', 'BA', 'BE', 'BG', 'BH', 'BO', 'BR', 'BY', 'CA', 'CH', 'CL', 'CO', 'CR', 'CY', 'CZ', 'DE', 'DK', 'DO', 'DZ', 'EC', 'EE', 'EG', 'ES', 'FI', 'FR', 'GB', 'GR', 'GT', 'HK', 'HN', 'HR', 'HU', 'ID', 'IE', 'IL', 'IN', 'IS', 'IT', 'JO', 'JP', 'KW', 'KZ', 'LB', 'LI', 'LT', 'LU', 'LV', 'MA', 'MC', 'MD', 'ME', 'MK', 'MT', 'MX', 'MY', 'NI', 'NL', 'NO', 'NZ', 'OM', 'PA', 'PE', 'PH', 'PL', 'PS', 'PT', 'PY', 'QA', 'RO', 'RS', 'RU', 'SA', 'SE', 'SG', 'SI', 'SK', 'SV', 'TH', 'TN', 'TR', 'TW', 'UA', 'US', 'UY', 'VN', 'XK', 'ZA']",spotify:track:59qrUpoplZxbIZxk6X0Bm3,0.789,0.711,2,-4.248,1,0.041,0.0332,0.0,0.0876,0.753,112.985,190306,4
The Kid LAROI,SO DONE,87,126521,False,"['AD', 'AE', 'AL', 'AR', 'AT', 'AU', 'BA', 'BE', 'BG', 'BH', 'BO', 'BR', 'BY', 'CA', 'CH', 'CL', 'CO', 'CR', 'CY', 'CZ', 'DE', 'DK', 'DO', 'DZ', 'EC', 'EE', 'EG', 'ES', 'FI', 'FR', 'GB', 'GR', 'GT', 'HK', 'HN', 'HR', 'HU', 'ID', 'IE', 'IL', 'IN', 'IS', 'IT', 'JO', 'JP', 'KW', 'KZ', 'LB', 'LI', 'LT', 'LU', 'LV', 'MA', 'MC', 'MD', 'ME', 'MK', 'MT', 'MX', 'MY', 'NI', 'NL', 'NO', 'NZ', 'OM', 'PA', 'PE', 'PH', 'PL', 'PS', 'PT', 'PY', 'QA', 'RO', 'RS', 'RU', 'SA', 'SE', 'SG', 'SI', 'SK', 'SV', 'TH', 'TN', 'TR', 'TW', 'UA', 'US', 'UY', 'VN', 'XK', 'ZA']",spotify:track:5psEZhQu6lukjhavJo4AbC,0.719,0.598,9,-6.254,1,0.077,0.232,0.0,0.115,0.303,142.592,126521,4
Juice WRLD,Real Shit (with benny blanco),84,183782,True,"['AD', 'AE', 'AL', 'AR', 'AT', 'AU', 'BA', 'BE', 'BG', 'BH', 'BO', 'BR', 'BY', 'CA', 'CH', 'CL', 'CO', 'CR', 'CY', 'CZ', 'DE', 'DK', 'DO', 'DZ', 'EC', 'EE', 'EG', 'ES', 'FI', 'FR', 'GB', 'GR', 'GT', 'HK', 'HN', 'HR', 'HU', 'ID', 'IE', 'IL', 'IN', 'IS', 'IT', 'JO', 'JP', 'KW', 'KZ', 'LB', 'LI', 'LT', 'LU', 'LV', 'MA', 'MC', 'MD', 'ME', 'MK', 'MT', 'MX', 'MY', 'NI', 'NL', 'NO', 'NZ', 'OM', 'PA', 'PE', 'PH', 'PL', 'PS', 'PT', 'PY', 'QA', 'RO', 'RS', 'RU', 'SA', 'SE', 'SG', 'SI', 'SK', 'SV', 'TH', 'TN', 'TR', 'TW', 'UA', 'US', 'UY', 'VN', 'XK', 'ZA']",spotify:track:3uVPLtkmDu8pDkYEAVqbgS,0.703,0.703,1,-4.672,1,0.133,0.605,0.0,0.12,0.697,76.017,183783,4
CJ,Whoopty,76,123480,True,[],spotify:track:1RSzyxqtIO4yX3EyiV4zT5,0.714,0.609,3,-7.683,0,0.17,0.194,0.0,0.126,0.778,140.206,123480,4
Bad Bunny,LA NOCHE DE ANOCHE,93,203200,False,"['AD', 'AE', 'AL', 'AR', 'AT', 'AU', 'BA', 'BE', 'BG', 'BH', 'BO', 'BR', 'BY', 'CA', 'CH', 'CL', 'CO', 'CR', 'CY', 'CZ', 'DE', 'DK', 'DO', 'DZ', 'EC', 'EE', 'EG', 'ES', 'FI', 'FR', 'GB', 'GR', 'GT', 'HK', 'HN', 'HR', 'HU', 'ID', 'IE', 'IL', 'IN', 'IS', 'IT', 'JO', 'JP', 'KW', 'KZ', 'LB', 'LI', 'LT', 'LU', 'LV', 'MA', 'MC', 'MD', 'ME', 'MK', 'MT', 'MX', 'MY', 'NI', 'NL', 'NO', 'NZ', 'OM', 'PA', 'PE', 'PH', 'PL', 'PS', 'PT', 'PY', 'QA', 'RO', 'RS', 'RU', 'SA', 'SE', 'SG', 'SI', 'SK', 'SV', 'TH', 'TN', 'TR', 'TW', 'UA', 'US', 'UY', 'VN', 'XK', 'ZA']",spotify:track:2XIc1pqjXV3Cr2BQUGNBck,0.856,0.618,7,-4.892,1,0.286,0.0303,0.0,0.0866,0.391,81.993,203201,4
Justin Bieber,Holy (feat. Chance The Rapper),94,212093,False,"['AD', 'AE', 'AL', 'AR', 'AT', 'AU', 'BA', 'BE', 'BG', 'BH', 'BO', 'BR', 'BY', 'CA', 'CH', 'CL', 'CO', 'CR', 'CY', 'CZ', 'DE', 'DK', 'DO', 'DZ', 'EC', 'EE', 'EG', 'ES', 'FI', 'FR', 'GB', 'GR', 'GT', 'HK', 'HN', 'HR', 'HU', 'ID', 'IE', 'IL', 'IN', 'IS', 'IT', 'JO', 'JP', 'KW', 'KZ', 'LB', 'LI', 'LT', 'LU', 'LV', 'MA', 'MC', 'MD', 'ME', 'MK', 'MT', 'MX', 'MY', 'NI', 'NL', 'NO', 'NZ', 'OM', 'PA', 'PE', 'PH', 'PL', 'PS', 'PT', 'PY', 'QA', 'RO', 'RS', 'RU', 'SA', 'SE', 'SG', 'SI', 'SK', 'SV', 'TH', 'TN', 'TR', 'TW', 'UA', 'US', 'UY', 'VN', 'XK', 'ZA']",spotify:track:5u1n1kITHCxxp8twBcZxWy,0.673,0.704,6,-8.056,1,0.36,0.196,0.0,0.0898,0.372,86.919,212093,4
Tiësto,The Business,89,164000,False,"['AD', 'AE', 'AL', 'AR', 'AT', 'AU', 'BA', 'BE', 'BG', 'BH', 'BO', 'BR', 'BY', 'CA', 'CH', 'CL', 'CO', 'CR', 'CY', 'CZ', 'DE', 'DK', 'DO', 'DZ', 'EC', 'EE', 'EG', 'ES', 'FI', 'FR', 'GB', 'GR', 'GT', 'HK', 'HN', 'HR', 'HU', 'ID', 'IE', 'IL', 'IN', 'IS', 'IT', 'JO', 'JP', 'KW', 'KZ', 'LB', 'LI', 'LT', 'LU', 'LV', 'MA', 'MC', 'MD', 'ME', 'MK', 'MT', 'MX', 'MY', 'NI', 'NL', 'NO', 'NZ', 'OM', 'PA', 'PE', 'PH', 'PL', 'PS', 'PT', 'PY', 'QA', 'RO', 'RS', 'RU', 'SA', 'SE', 'SG', 'SI', 'SK', 'SV', 'TH', 'TN', 'TR', 'TW', 'UA', 'US', 'UY', 'VN', 'XK', 'ZA']",spotify:track:6f3Slt0GbA2bPZlz0aIFXN,0.798,0.62,8,-7.079,0,0.232,0.414,0.0192,0.112,0.235,120.031,164000,4
Glass Animals,Heat Waves,74,238805,False,"['AD', 'AE', 'AL', 'AR', 'AT', 'AU', 'BA', 'BE', 'BG', 'BH', 'BO', 'BR', 'BY', 'CA', 'CH', 'CL', 'CO', 'CR', 'CY', 'CZ', 'DE', 'DK', 'DO', 'DZ', 'EC', 'EE', 'EG', 'ES', 'FI', 'FR', 'GB', 'GR', 'GT', 'HK', 'HN', 'HR', 'HU', 'ID', 'IE', 'IL', 'IN', 'IS', 'IT', 'JO', 'JP', 'KW', 'KZ', 'LB', 'LI', 'LT', 'LU', 'LV', 'MA', 'MC', 'MD', 'ME', 'MK', 'MT', 'MX', 'MY', 'NI', 'NL', 'NO', 'NZ', 'OM', 'PA', 'PE', 'PH', 'PL', 'PS', 'PT', 'PY', 'QA', 'RO', 'RS', 'RU', 'SA', 'SE', 'SG', 'SI', 'SK', 'SV', 'TH', 'TN', 'TR', 'TW', 'UA', 'US', 'UY', 'VN', 'XK', 'ZA']",spotify:track:3USxtqRwSYz57Ewm6wWRMp,0.761,0.525,11,-6.9,1,0.0944,0.44,6.7e-06,0.0921,0.531,80.87,238805,4
Miley Cyrus,Angels Like You,78,196453,False,"['AD', 'AE', 'AL', 'AR', 'AT', 'AU', 'BA', 'BE', 'BG', 'BH', 'BO', 'BR', 'BY', 'CA', 'CH', 'CL', 'CO', 'CR', 'CY', 'CZ', 'DK', 'DO', 'DZ', 'EC', 'EE', 'EG', 'ES', 'FI', 'FR', 'GB', 'GR', 'GT', 'HK', 'HN', 'HR', 'HU', 'ID', 'IE', 'IL', 'IN', 'IS', 'IT', 'JO', 'KW', 'KZ', 'LB', 'LI', 'LT', 'LU', 'LV', 'MA', 'MC', 'MD', 'ME', 'MK', 'MT', 'MX', 'MY', 'NI', 'NL', 'NO', 'NZ', 'OM', 'PA', 'PE', 'PH', 'PL', 'PS', 'PT', 'PY', 'QA', 'RO', 'RS', 'RU', 'SA', 'SE', 'SG', 'SI', 'SK', 'SV', 'TH', 'TN', 'TR', 'TW', 'UA', 'US', 'UY', 'VN', 'XK', 'ZA']",spotify:track:0QdePZJfBpRIBautuT4FSx,0.672,0.642,5,-4.035,1,0.0313,0.0981,0.0,0.1,0.494,121.981,196453,4
Machine Gun Kelly,my ex's best friend (with blackbear),61,138970,True,[],spotify:track:70rFIfYN7lU6iTgUIVP42w,0.728,0.685,5,-5.096,0,0.0433,0.00391,0.0,0.152,0.33,124.934,138970,4
Pop Smoke,For The Night (feat. Lil Baby & DaBaby),94,190476,True,"['AD', 'AE', 'AL', 'AR', 'AT', 'AU', 'BA', 'BE', 'BG', 'BH', 'BO', 'BR', 'BY', 'CA', 'CH', 'CL', 'CO', 'CR', 'CY', 'CZ', 'DE', 'DK', 'DO', 'DZ', 'EC', 'EE', 'EG', 'ES', 'FI', 'FR', 'GB', 'GR', 'GT', 'HK', 'HN', 'HR', 'HU', 'ID', 'IE', 'IL', 'IN', 'IS', 'IT', 'JO', 'JP', 'KW', 'KZ', 'LB', 'LI', 'LT', 'LU', 'LV', 'MA', 'MC', 'MD', 'ME', 'MK', 'MT', 'MX', 'MY', 'NI', 'NL', 'NO', 'NZ', 'OM', 'PA', 'PE', 'PH', 'PL', 'PS', 'PT', 'PY', 'QA', 'RO', 'RS', 'RU', 'SA', 'SE', 'SG', 'SI', 'SK', 'SV', 'TH', 'TN', 'TR', 'TW', 'UA', 'US', 'UY', 'VN', 'XK', 'ZA']",spotify:track:0PvFJmanyNQMseIFrU708S,0.823,0.586,6,-6.606,0,0.2,0.114,0.0,0.193,0.347,125.971,190476,4
Joel Corry,Head & Heart (feat. MNEK),77,166028,False,"['AU', 'NZ']",spotify:track:4wosxLl0mAqhneDzya2MfY,0.732,0.874,8,-3.158,1,0.0662,0.168,1.17e-05,0.0489,0.905,122.961,166028,4
Shawn Mendes,Wonder,92,172692,False,"['AD', 'AE', 'AL', 'AR', 'AT', 'AU', 'BA', 'BE', 'BG', 'BH', 'BO', 'BR', 'BY', 'CA', 'CH', 'CL', 'CO', 'CR', 'CY', 'CZ', 'DE', 'DK', 'DO', 'DZ', 'EC', 'EE', 'EG', 'ES', 'FI', 'FR', 'GB', 'GR', 'GT', 'HK', 'HN', 'HR', 'HU', 'ID', 'IE', 'IL', 'IN', 'IS', 'IT', 'JO', 'JP', 'KW', 'KZ', 'LB', 'LI', 'LT', 'LU', 'LV', 'MA', 'MC', 'MD', 'ME', 'MK', 'MT', 'MX', 'MY', 'NI', 'NL', 'NO', 'NZ', 'OM', 'PA', 'PE', 'PH', 'PL', 'PS', 'PT', 'PY', 'QA', 'RO', 'RS', 'RU', 'SA', 'SE', 'SG', 'SI', 'SK', 'SV', 'TH', 'TN', 'TR', 'TW', 'UA', 'US', 'UY', 'VN', 'XK', 'ZA']",spotify:track:5KCbr5ndeby4y4ggthdiAb,0.333,0.637,1,-4.904,0,0.0581,0.131,1.8e-05,0.149,0.132,139.898,172693,4
Drake,Laugh Now Cry Later (feat. Lil Durk),92,261492,True,"['AD', 'AE', 'AL', 'AR', 'AT', 'AU', 'BA', 'BE', 'BG', 'BH', 'BO', 'BR', 'BY', 'CA', 'CH', 'CL', 'CO', 'CR', 'CY', 'CZ', 'DE', 'DK', 'DO', 'DZ', 'EC', 'EE', 'EG', 'ES', 'FI', 'FR', 'GB', 'GR', 'GT', 'HK', 'HN', 'HR', 'HU', 'ID', 'IE', 'IL', 'IN', 'IS', 'IT', 'JO', 'JP', 'KW', 'KZ', 'LB', 'LI', 'LT', 'LU', 'LV', 'MA', 'MC', 'MD', 'ME', 'MK', 'MT', 'MX', 'MY', 'NI', 'NL', 'NO', 'NZ', 'OM', 'PA', 'PE', 'PH', 'PL', 'PS', 'PT', 'PY', 'QA', 'RO', 'RS', 'RU', 'SA', 'SE', 'SG', 'SI', 'SK', 'SV', 'TH', 'TN', 'TR', 'TW', 'UA', 'US', 'UY', 'VN', 'XK', 'ZA']",spotify:track:2SAqBLGA283SUiwJ3xOUVI,0.761,0.518,0,-8.871,1,0.134,0.244,3.47e-05,0.107,0.522,133.976,261493,4
Ofenbach,Head Shoulders Knees & Toes (feat. Norma Jean Martine),80,156960,False,"['AE', 'AL', 'AR', 'AU', 'BA', 'BE', 'BG', 'BH', 'BO', 'BR', 'BY', 'CA', 'CL', 'CO', 'CR', 'CY', 'CZ', 'DO', 'DZ', 'EC', 'EG', 'ES', 'GB', 'GR', 'GT', 'HK', 'HN', 'HR', 'HU', 'ID', 'IE', 'IL', 'IN', 'JO', 'JP', 'KW', 'KZ', 'LB', 'LI', 'LU', 'MA', 'MD', 'ME', 'MK', 'MT', 'MX', 'MY', 'NI', 'NL', 'NZ', 'OM', 'PA', 'PE', 'PH', 'PS', 'PT', 'PY', 'QA', 'RO', 'RS', 'RU', 'SA', 'SG', 'SI', 'SK', 'SV', 'TH', 'TN', 'TR', 'TW', 'UA', 'US', 'UY', 'VN', 'XK', 'ZA']",spotify:track:14ngWWxvUSnIMXgF6rzSk1,0.798,0.828,2,-5.36,1,0.193,0.0247,2.55e-06,0.121,0.6,124.962,156960,4
BTS,Dynamite,59,199053,False,[],spotify:track:0v1x6rN6JHRapa03JElljE,0.746,0.765,6,-4.41,0,0.0993,0.0112,0.0,0.0936,0.737,114.044,199054,4
Sam Smith,Diamonds,87,213869,False,"['AD', 'AE', 'AL', 'AR', 'AT', 'AU', 'BA', 'BE', 'BG', 'BH', 'BO', 'BR', 'BY', 'CA', 'CH', 'CL', 'CO', 'CR', 'CY', 'CZ', 'DE', 'DK', 'DO', 'DZ', 'EC', 'EE', 'EG', 'ES', 'FI', 'FR', 'GB', 'GR', 'GT', 'HK', 'HN', 'HR', 'HU', 'ID', 'IE', 'IL', 'IN', 'IS', 'IT', 'JO', 'JP', 'KW', 'KZ', 'LB', 'LI', 'LT', 'LU', 'LV', 'MA', 'MC', 'MD', 'ME', 'MK', 'MT', 'MX', 'MY', 'NI', 'NL', 'NO', 'NZ', 'OM', 'PA', 'PE', 'PH', 'PL', 'PS', 'PT', 'PY', 'QA', 'RO', 'RS', 'RU', 'SA', 'SG', 'SI', 'SK', 'SV', 'TH', 'TN', 'TR', 'TW', 'UA', 'US', 'UY', 'VN', 'XK', 'ZA']",spotify:track:5hvwx5i67IwnCkjl9VHkNv,0.653,0.667,10,-6.764,0,0.0423,0.154,0.0,0.107,0.556,104.181,213869,4
Robin Schulz,All We Got (feat. KIDDO),82,190218,True,"['AD', 'AE', 'AL', 'AR', 'AT', 'AU', 'BA', 'BE', 'BG', 'BH', 'BO', 'BR', 'BY', 'CA', 'CH', 'CL', 'CO', 'CR', 'CY', 'CZ', 'DE', 'DK', 'DO', 'DZ', 'EC', 'EE', 'EG', 'ES', 'FI', 'FR', 'GB', 'GR', 'GT', 'HK', 'HN', 'HR', 'HU', 'ID', 'IE', 'IL', 'IN', 'IS', 'IT', 'JO', 'JP', 'KW', 'KZ', 'LB', 'LI', 'LT', 'LU', 'LV', 'MA', 'MC', 'MD', 'ME', 'MK', 'MT', 'MX', 'MY', 'NI', 'NL', 'NO', 'NZ', 'OM', 'PA', 'PE', 'PH', 'PL', 'PS', 'PT', 'PY', 'QA', 'RO', 'RS', 'RU', 'SA', 'SE', 'SG', 'SI', 'SK', 'SV', 'TH', 'TN', 'TR', 'TW', 'UA', 'US', 'UY', 'VN', 'XK', 'ZA']",spotify:track:1FP9s72rDYty6mfoOEYKnE,0.504,0.76,4,-4.246,1,0.0426,0.286,0.0,0.151,0.64,183.933,190218,4
Pink Sweat$,At My Worst,86,170344,False,"['AD', 'AE', 'AL', 'AR', 'AT', 'AU', 'BA', 'BE', 'BG', 'BH', 'BO', 'BR', 'BY', 'CA', 'CH', 'CL', 'CO', 'CR', 'CY', 'CZ', 'DE', 'DK', 'DO', 'DZ', 'EC', 'EE', 'EG', 'ES', 'FI', 'FR', 'GB', 'GR', 'GT', 'HK', 'HN', 'HR', 'HU', 'ID', 'IE', 'IL', 'IN', 'IS', 'IT', 'JO', 'JP', 'KW', 'KZ', 'LB', 'LI', 'LT', 'LU', 'LV', 'MA', 'MC', 'MD', 'ME', 'MK', 'MT', 'MX', 'MY', 'NI', 'NL', 'NO', 'NZ', 'OM', 'PA', 'PE', 'PH', 'PL', 'PS', 'PT', 'PY', 'QA', 'RO', 'RS', 'RU', 'SA', 'SE', 'SG', 'SI', 'SK', 'SV', 'TH', 'TN', 'TR', 'TW', 'UA', 'US', 'UY', 'VN', 'XK', 'ZA']",spotify:track:0ri0Han4IRJhzvERHOZTMr,0.813,0.415,0,-5.926,1,0.0349,0.777,0.0,0.131,0.667,91.921,170345,4
Jack Harlow,Tyler Herro,89,156497,True,"['AD', 'AE', 'AL', 'AR', 'AT', 'AU', 'BA', 'BE', 'BG', 'BH', 'BO', 'BR', 'BY', 'CA', 'CH', 'CL', 'CO', 'CR', 'CY', 'CZ', 'DE', 'DK', 'DO', 'DZ', 'EC', 'EE', 'EG', 'ES', 'FI', 'FR', 'GB', 'GR', 'GT', 'HK', 'HN', 'HR', 'HU', 'ID', 'IE', 'IL', 'IN', 'IS', 'IT', 'JO', 'JP', 'KW', 'KZ', 'LB', 'LI', 'LT', 'LU', 'LV', 'MA', 'MC', 'MD', 'ME', 'MK', 'MT', 'MX', 'MY', 'NI', 'NO', 'NZ', 'OM', 'PA', 'PE', 'PH', 'PL', 'PS', 'PT', 'PY', 'QA', 'RO', 'RS', 'RU', 'SA', 'SE', 'SG', 'SI', 'SK', 'SV', 'TH', 'TN', 'TR', 'TW', 'UA', 'US', 'UY', 'VN', 'XK', 'ZA']",spotify:track:4DuUwzP4ALMqpquHU0ltAB,0.794,0.756,5,-7.16,0,0.136,0.11,0.0,0.247,0.775,123.066,156498,4
Clairo,Sofia,90,188386,False,"['AD', 'AE', 'AL', 'AR', 'AT', 'AU', 'BA', 'BE', 'BG', 'BH', 'BO', 'BR', 'BY', 'CA', 'CH', 'CL', 'CO', 'CR', 'CY', 'CZ', 'DE', 'DK', 'DO', 'DZ', 'EC', 'EE', 'EG', 'ES', 'FI', 'FR', 'GB', 'GR', 'GT', 'HK', 'HN', 'HR', 'HU', 'ID', 'IE', 'IL', 'IN', 'IS', 'IT', 'JO', 'JP', 'KW', 'KZ', 'LB', 'LI', 'LT', 'LU', 'LV', 'MA', 'MC', 'MD', 'ME', 'MK', 'MT', 'MX', 'MY', 'NI', 'NL', 'NO', 'NZ', 'OM', 'PA', 'PE', 'PH', 'PL', 'PS', 'PT', 'PY', 'QA', 'RO', 'RS', 'RU', 'SA', 'SE', 'SG', 'SI', 'SK', 'SV', 'TH', 'TN', 'TR', 'TW', 'UA', 'US', 'UY', 'VN', 'XK', 'ZA']",spotify:track:7B3z0ySL9Rr0XvZEAjWZzM,0.744,0.619,0,-9.805,1,0.039,0.598,0.00372,0.231,0.641,112.997,188387,4
Harry Styles,Golden,90,208906,False,"['AD', 'AE', 'AL', 'AR', 'AT', 'AU', 'BA', 'BE', 'BG', 'BH', 'BO', 'BR', 'BY', 'CA', 'CH', 'CL', 'CO', 'CR', 'CY', 'CZ', 'DE', 'DK', 'DO', 'DZ', 'EC', 'EE', 'EG', 'ES', 'FI', 'FR', 'GB', 'GR', 'GT', 'HK', 'HN', 'HR', 'HU', 'ID', 'IE', 'IL', 'IN', 'IS', 'IT', 'JO', 'JP', 'KW', 'KZ', 'LB', 'LI', 'LT', 'LU', 'LV', 'MA', 'MC', 'MD', 'ME', 'MK', 'MT', 'MX', 'MY', 'NI', 'NL', 'NO', 'NZ', 'OM', 'PA', 'PE', 'PH', 'PL', 'PS', 'PT', 'PY', 'QA', 'RO', 'RS', 'RU', 'SA', 'SE', 'SG', 'SI', 'SK', 'SV', 'TH', 'TN', 'TR', 'TW', 'UA', 'US', 'UY', 'VN', 'XK', 'ZA']",spotify:track:45S5WTQEGOB1VHr1Q4FuPl,0.448,0.838,4,-5.257,0,0.0557,0.21,0.000131,0.131,0.254,139.863,208907,4
Ashnikko,Daisy,89,146523,True,"['AD', 'AE', 'AL', 'AR', 'AT', 'AU', 'BA', 'BE', 'BG', 'BH', 'BO', 'BR', 'BY', 'CA', 'CH', 'CL', 'CO', 'CR', 'CY', 'CZ', 'DE', 'DK', 'DO', 'DZ', 'EC', 'EE', 'EG', 'ES', 'FI', 'FR', 'GB', 'GR', 'GT', 'HK', 'HN', 'HR', 'HU', 'ID', 'IE', 'IL', 'IN', 'IS', 'IT', 'JO', 'JP', 'KW', 'KZ', 'LB', 'LI', 'LT', 'LU', 'LV', 'MA', 'MC', 'MD', 'ME', 'MK', 'MT', 'MX', 'MY', 'NI', 'NL', 'NO', 'NZ', 'OM', 'PA', 'PE', 'PH', 'PL', 'PS', 'PT', 'PY', 'QA', 'RO', 'RS', 'RU', 'SA', 'SE', 'SG', 'SI', 'SK', 'SV', 'TH', 'TN', 'TR', 'TW', 'UA', 'US', 'UY', 'VN', 'XK', 'ZA']",spotify:track:0AUvWawuP0ibk4SQ3sIZjk,0.834,0.663,8,-6.143,1,0.133,0.235,0.0,0.372,0.774,121.876,146523,4
KAROL G,BICHOTA,95,178946,True,"['AD', 'AE', 'AL', 'AR', 'AT', 'AU', 'BA', 'BE', 'BG', 'BH', 'BO', 'BR', 'BY', 'CA', 'CH', 'CL', 'CO', 'CR', 'CY', 'CZ', 'DE', 'DK', 'DO', 'DZ', 'EC', 'EE', 'EG', 'ES', 'FI', 'FR', 'GB', 'GR', 'GT', 'HK', 'HN', 'HR', 'HU', 'ID', 'IE', 'IL', 'IN', 'IS', 'IT', 'JO', 'JP', 'KW', 'KZ', 'LB', 'LI', 'LT', 'LU', 'LV', 'MA', 'MC', 'MD', 'ME', 'MK', 'MT', 'MX', 'MY', 'NI', 'NL', 'NO', 'NZ', 'OM', 'PA', 'PE', 'PH', 'PL', 'PS', 'PT', 'PY', 'QA', 'RO', 'RS', 'RU', 'SA', 'SE', 'SG', 'SI', 'SK', 'SV', 'TH', 'TN', 'TR', 'TW', 'UA', 'US', 'UY', 'VN', 'XK', 'ZA']",spotify:track:7vrJn5hDSXRmdXoR30KgF1,0.863,0.666,1,-4.158,0,0.152,0.212,0.000493,0.103,0.838,163.908,178947,4
DaBaby,ROCKSTAR (feat. Roddy Ricch),93,181733,True,"['AD', 'AE', 'AL', 'AR', 'AT', 'AU', 'BA', 'BE', 'BG', 'BH', 'BO', 'BR', 'BY', 'CA', 'CH', 'CL', 'CO', 'CR', 'CY', 'CZ', 'DE', 'DK', 'DO', 'DZ', 'EC', 'EE', 'EG', 'ES', 'FI', 'FR', 'GB', 'GR', 'GT', 'HK', 'HN', 'HR', 'HU', 'ID', 'IE', 'IL', 'IN', 'IS', 'IT', 'JO', 'JP', 'KW', 'KZ', 'LB', 'LI', 'LT', 'LU', 'LV', 'MA', 'MC', 'MD', 'ME', 'MK', 'MT', 'MX', 'MY', 'NI', 'NL', 'NO', 'NZ', 'OM', 'PA', 'PE', 'PH', 'PL', 'PS', 'PT', 'PY', 'QA', 'RO', 'RS', 'RU', 'SA', 'SE', 'SG', 'SI', 'SK', 'SV', 'TH', 'TN', 'TR', 'TW', 'UA', 'US', 'UY', 'VN', 'XK', 'ZA']",spotify:track:7ytR5pFWmSjzHJIeQkgog4,0.746,0.69,11,-7.956,1,0.164,0.247,0.0,0.101,0.497,89.977,181733,4
Conan Gray,Heather,93,198040,False,"['AD', 'AE', 'AL', 'AR', 'AT', 'AU', 'BA', 'BE', 'BG', 'BH', 'BO', 'BR', 'CA', 'CH', 'CL', 'CO', 'CR', 'CY', 'CZ', 'DE', 'DK', 'DO', 'DZ', 'EC', 'EE', 'EG', 'ES', 'FI', 'FR', 'GB', 'GR', 'GT', 'HK', 'HN', 'HR', 'HU', 'ID', 'IE', 'IL', 'IN', 'IS', 'IT', 'JO', 'JP', 'KW', 'KZ', 'LB', 'LI', 'LT', 'LU', 'LV', 'MA', 'MC', 'MD', 'ME', 'MK', 'MT', 'MX', 'MY', 'NI', 'NL', 'NO', 'NZ', 'OM', 'PA', 'PE', 'PH', 'PL', 'PS', 'PT', 'PY', 'QA', 'RO', 'RS', 'RU', 'SA', 'SE', 'SG', 'SI', 'SK', 'SV', 'TH', 'TN', 'TR', 'TW', 'UA', 'US', 'UY', 'VN', 'XK', 'ZA']",spotify:track:4xqrdfXkTW4T0RauPLv3WA,0.357,0.425,5,-7.301,1,0.0333,0.584,0.0,0.322,0.27,102.078,198040,3
Taylor Swift,willow,79,214706,False,"['AD', 'AE', 'AL', 'AR', 'AT', 'AU', 'BA', 'BE', 'BG', 'BH', 'BO', 'BR', 'BY', 'CA', 'CH', 'CL', 'CO', 'CR', 'CY', 'CZ', 'DE', 'DK', 'DO', 'DZ', 'EC', 'EE', 'EG', 'ES', 'FI', 'FR', 'GB', 'GR', 'GT', 'HK', 'HN', 'HR', 'HU', 'ID', 'IE', 'IL', 'IN', 'IS', 'IT', 'JO', 'KW', 'KZ', 'LB', 'LI', 'LT', 'LU', 'LV', 'MA', 'MC', 'MD', 'ME', 'MK', 'MT', 'MX', 'MY', 'NI', 'NL', 'NO', 'NZ', 'OM', 'PA', 'PE', 'PH', 'PL', 'PS', 'PT', 'PY', 'QA', 'RO', 'RS', 'RU', 'SA', 'SE', 'SG', 'SI', 'SK', 'SV', 'TH', 'TN', 'TR', 'TW', 'UA', 'US', 'UY', 'VN', 'XK', 'ZA']",spotify:track:0lx2cLdOt3piJbcaXIV74f,0.392,0.574,7,-9.195,1,0.17,0.833,0.00179,0.145,0.529,81.112,214707,4
Quinn XCII,Stay Next To Me (with Chelsea Cutler),72,206045,False,"['AD', 'AE', 'AL', 'AR', 'AT', 'AU', 'BA', 'BE', 'BG', 'BH', 'BO', 'BR', 'BY', 'CA', 'CH', 'CL', 'CO', 'CR', 'CY', 'CZ', 'DE', 'DK', 'DO', 'DZ', 'EC', 'EE', 'EG', 'ES', 'FI', 'FR', 'GB', 'GR', 'GT', 'HK', 'HN', 'HR', 'HU', 'ID', 'IE', 'IL', 'IN', 'IS', 'IT', 'JO', 'JP', 'KW', 'KZ', 'LB', 'LI', 'LT', 'LU', 'LV', 'MA', 'MC', 'MD', 'ME', 'MK', 'MT', 'MX', 'MY', 'NI', 'NL', 'NO', 'NZ', 'OM', 'PA', 'PE', 'PH', 'PL', 'PS', 'PT', 'PY', 'QA', 'RO', 'RS', 'RU', 'SA', 'SE', 'SG', 'SI', 'SK', 'SV', 'TH', 'TN', 'TR', 'TW', 'UA', 'US', 'UY', 'VN', 'XK', 'ZA']",spotify:track:6SGG5AxHShqSYiV9fCWpZz,0.581,0.584,2,-4.928,1,0.284,0.0805,0.0,0.366,0.756,179.954,206046,4
The Kid LAROI,WITHOUT YOU,88,161384,True,"['AD', 'AE', 'AL', 'AR', 'AT', 'AU', 'BA', 'BE', 'BG', 'BH', 'BO', 'BR', 'BY', 'CA', 'CH', 'CL', 'CO', 'CR', 'CY', 'CZ', 'DE', 'DK', 'DO', 'DZ', 'EC', 'EE', 'EG', 'ES', 'FI', 'FR', 'GB', 'GR', 'GT', 'HK', 'HN', 'HR', 'HU', 'ID', 'IE', 'IL', 'IN', 'IS', 'IT', 'JO', 'JP', 'KW', 'KZ', 'LB', 'LI', 'LT', 'LU', 'LV', 'MA', 'MC', 'MD', 'ME', 'MK', 'MT', 'MX', 'MY', 'NI', 'NL', 'NO', 'NZ', 'OM', 'PA', 'PE', 'PH', 'PL', 'PS', 'PT', 'PY', 'QA', 'RO', 'RS', 'RU', 'SA', 'SE', 'SG', 'SI', 'SK', 'SV', 'TH', 'TN', 'TR', 'TW', 'UA', 'US', 'UY', 'VN', 'XK', 'ZA']",spotify:track:27OeeYzk6klgBh83TSvGMA,0.662,0.413,0,-7.357,1,0.0299,0.213,0.0,0.134,0.467,93.005,161385,4
Glass Animals,Heat Waves,74,238805,False,"['AD', 'AE', 'AL', 'AR', 'AT', 'AU', 'BA', 'BE', 'BG', 'BH', 'BO', 'BR', 'BY', 'CA', 'CH', 'CL', 'CO', 'CR', 'CY', 'CZ', 'DE', 'DK', 'DO', 'DZ', 'EC', 'EE', 'EG', 'ES', 'FI', 'FR', 'GB', 'GR', 'GT', 'HK', 'HN', 'HR', 'HU', 'ID', 'IE', 'IL', 'IN', 'IS', 'IT', 'JO', 'JP', 'KW', 'KZ', 'LB', 'LI', 'LT', 'LU', 'LV', 'MA', 'MC', 'MD', 'ME', 'MK', 'MT', 'MX', 'MY', 'NI', 'NL', 'NO', 'NZ', 'OM', 'PA', 'PE', 'PH', 'PL', 'PS', 'PT', 'PY', 'QA', 'RO', 'RS', 'RU', 'SA', 'SE', 'SG', 'SI', 'SK', 'SV', 'TH', 'TN', 'TR', 'TW', 'UA', 'US', 'UY', 'VN', 'XK', 'ZA']",spotify:track:3USxtqRwSYz57Ewm6wWRMp,0.761,0.525,11,-6.9,1,0.0944,0.44,6.7e-06,0.0921,0.531,80.87,238805,4
Tate McRae,r u ok,63,185849,True,"['AD', 'AE', 'AL', 'AR', 'AT', 'AU', 'BA', 'BE', 'BG', 'BH', 'BO', 'BR', 'BY', 'CA', 'CH', 'CL', 'CO', 'CR', 'CY', 'CZ', 'DE', 'DK', 'DO', 'DZ', 'EC', 'EE', 'EG', 'ES', 'FI', 'FR', 'GB', 'GR', 'GT', 'HK', 'HN', 'HR', 'HU', 'ID', 'IE', 'IL', 'IN', 'IS', 'IT', 'JO', 'JP', 'KW', 'KZ', 'LB', 'LI', 'LT', 'LU', 'LV', 'MA', 'MC', 'MD', 'ME', 'MK', 'MT', 'MX', 'MY', 'NI', 'NL', 'NO', 'NZ', 'OM', 'PA', 'PE', 'PH', 'PL', 'PS', 'PT', 'PY', 'QA', 'RO', 'RS', 'RU', 'SA', 'SE', 'SG', 'SI', 'SK', 'SV', 'TH', 'TN', 'TR', 'TW', 'UA', 'US', 'UY', 'VN', 'XK', 'ZA']",spotify:track:7rq1zCf90CnU7OalBLIgNp,0.666,0.593,2,-5.905,1,0.0373,0.318,0.0,0.414,0.329,140.013,185850,4
Madison Beer,BOYSHIT,62,160397,True,"['AD', 'AE', 'AL', 'AR', 'AT', 'AU', 'BA', 'BE', 'BG', 'BH', 'BO', 'BR', 'BY', 'CA', 'CH', 'CL', 'CO', 'CR', 'CY', 'CZ', 'DE', 'DK', 'DO', 'DZ', 'EC', 'EE', 'EG', 'ES', 'FI', 'FR', 'GB', 'GR', 'GT', 'HK', 'HN', 'HR', 'HU', 'ID', 'IE', 'IL', 'IN', 'IS', 'IT', 'JO', 'JP', 'KW', 'KZ', 'LB', 'LI', 'LT', 'LU', 'LV', 'MA', 'MC', 'MD', 'ME', 'MK', 'MT', 'MX', 'MY', 'NI', 'NL', 'NO', 'NZ', 'OM', 'PA', 'PE', 'PH', 'PL', 'PS', 'PT', 'PY', 'QA', 'RO', 'RS', 'RU', 'SA', 'SE', 'SG', 'SI', 'SK', 'SV', 'TH', 'TN', 'TR', 'TW', 'UA', 'US', 'UY', 'VN', 'XK', 'ZA']",spotify:track:3YmgsYX80v0EtBZekgcB6w,0.638,0.699,1,-6.542,1,0.0892,0.0203,0.0,0.0879,0.57,121.122,160398,4
Gryffin,Safe With Me (with Audrey Mika),73,205164,False,"['AD', 'AE', 'AL', 'AR', 'AT', 'AU', 'BA', 'BE', 'BG', 'BH', 'BO', 'BR', 'BY', 'CA', 'CH', 'CL', 'CO', 'CR', 'CY', 'CZ', 'DE', 'DK', 'DO', 'DZ', 'EC', 'EE', 'EG', 'ES', 'FI', 'FR', 'GB', 'GR', 'GT', 'HK', 'HN', 'HR', 'HU', 'ID', 'IE', 'IL', 'IN', 'IS', 'IT', 'JO', 'JP', 'KW', 'KZ', 'LB', 'LI', 'LT', 'LU', 'LV', 'MA', 'MC', 'MD', 'ME', 'MK', 'MT', 'MX', 'MY', 'NI', 'NL', 'NO', 'NZ', 'OM', 'PA', 'PE', 'PH', 'PL', 'PS', 'PT', 'PY', 'QA', 'RO', 'RS', 'RU', 'SA', 'SE', 'SG', 'SI', 'SK', 'SV', 'TH', 'TN', 'TR', 'TW', 'UA', 'US', 'UY', 'VN', 'XK', 'ZA']",spotify:track:6Skh3CBum0pZw9TOr7FQnX,0.497,0.757,11,-4.189,1,0.127,0.0449,0.0,0.119,0.507,169.902,205165,4
Troye Sivan,Easy (with Kacey Musgraves feat. Mark Ronson),67,213571,False,"['AD', 'AE', 'AL', 'AR', 'AT', 'AU', 'BA', 'BE', 'BG', 'BH', 'BO', 'BR', 'BY', 'CA', 'CH', 'CL', 'CO', 'CR', 'CY', 'CZ', 'DE', 'DK', 'DO', 'DZ', 'EC', 'EE', 'EG', 'ES', 'FI', 'FR', 'GB', 'GR', 'GT', 'HK', 'HN', 'HR', 'HU', 'ID', 'IE', 'IL', 'IN', 'IS', 'IT', 'JO', 'JP', 'KW', 'KZ', 'LB', 'LI', 'LT', 'LU', 'LV', 'MA', 'MC', 'MD', 'ME', 'MK', 'MT', 'MX', 'MY', 'NI', 'NL', 'NO', 'NZ', 'OM', 'PA', 'PE', 'PH', 'PL', 'PS', 'PT', 'PY', 'QA', 'RO', 'RS', 'RU', 'SA', 'SE', 'SG', 'SI', 'SK', 'SV', 'TH', 'TN', 'TR', 'TW', 'UA', 'US', 'UY', 'VN', 'XK', 'ZA']",spotify:track:4XWaUb7mKRcJR5RPp4IIDr,0.581,0.674,8,-7.09,1,0.033,0.00187,3.01e-06,0.128,0.488,143.005,213572,4
Sara Kays,Remember That Night?,80,227186,False,"['AD', 'AE', 'AL', 'AR', 'AT', 'AU', 'BA', 'BE', 'BG', 'BH', 'BO', 'BR', 'BY', 'CA', 'CH', 'CL', 'CO', 'CR', 'CY', 'CZ', 'DE', 'DK', 'DO', 'DZ', 'EC', 'EE', 'EG', 'ES', 'FI', 'FR', 'GB', 'GR', 'GT', 'HK', 'HN', 'HR', 'HU', 'ID', 'IE', 'IL', 'IN', 'IS', 'IT', 'JO', 'JP', 'KW', 'KZ', 'LB', 'LI', 'LT', 'LU', 'LV', 'MA', 'MC', 'MD', 'ME', 'MK', 'MT', 'MX', 'MY', 'NI', 'NL', 'NO', 'NZ', 'OM', 'PA', 'PE', 'PH', 'PL', 'PS', 'PT', 'PY', 'QA', 'RO', 'RS', 'RU', 'SA', 'SE', 'SG', 'SI', 'SK', 'SV', 'TH', 'TN', 'TR', 'TW', 'UA', 'US', 'UY', 'VN', 'XK', 'ZA']",spotify:track:1nYzjrdVQ8RpF93M0jPFW7,0.679,0.61,7,-10.936,0,0.0305,0.585,9.51e-05,0.156,0.554,123.978,227186,4
Juice WRLD,Reminds Me Of You,80,158032,True,"['AD', 'AE', 'AL', 'AR', 'AT', 'AU', 'BA', 'BE', 'BG', 'BH', 'BO', 'BR', 'BY', 'CA', 'CH', 'CL', 'CO', 'CR', 'CY', 'CZ', 'DE', 'DK', 'DO', 'DZ', 'EC', 'EE', 'EG', 'ES', 'FI', 'FR', 'GB', 'GR', 'GT', 'HK', 'HN', 'HR', 'HU', 'ID', 'IE', 'IL', 'IN', 'IS', 'IT', 'JO', 'JP', 'KW', 'KZ', 'LB', 'LI', 'LT', 'LU', 'LV', 'MA', 'MC', 'MD', 'ME', 'MK', 'MT', 'MX', 'MY', 'NI', 'NL', 'NO', 'NZ', 'OM', 'PA', 'PE', 'PH', 'PL', 'PS', 'PT', 'PY', 'QA', 'RO', 'RS', 'RU', 'SA', 'SE', 'SG', 'SI', 'SK', 'SV', 'TH', 'TN', 'TR', 'TW', 'UA', 'US', 'UY', 'VN', 'XK', 'ZA']",spotify:track:5YSHygGN9D0mID1NsVd5my,0.613,0.631,4,-6.965,1,0.12,0.0663,0.0,0.169,0.33,149.992,158033,4
24kGoldn,Coco (feat. DaBaby),76,142000,True,"['AD', 'AE', 'AL', 'AR', 'AT', 'AU', 'BA', 'BE', 'BG', 'BH', 'BO', 'BR', 'BY', 'CA', 'CH', 'CL', 'CO', 'CR', 'CY', 'CZ', 'DE', 'DK', 'DO', 'DZ', 'EC', 'EE', 'EG', 'ES', 'FI', 'FR', 'GB', 'GR', 'GT', 'HK', 'HN', 'HR', 'HU', 'ID', 'IE', 'IL', 'IN', 'IS', 'IT', 'JO', 'JP', 'KW', 'KZ', 'LB', 'LI', 'LT', 'LU', 'LV', 'MA', 'MC', 'MD', 'ME', 'MK', 'MT', 'MX', 'MY', 'NI', 'NL', 'NO', 'NZ', 'OM', 'PA', 'PE', 'PH', 'PL', 'PS', 'PT', 'PY', 'QA', 'RO', 'RS', 'RU', 'SA', 'SE', 'SG', 'SI', 'SK', 'SV', 'TH', 'TN', 'TR', 'TW', 'UA', 'US', 'UY', 'VN', 'XK', 'ZA']",spotify:track:2V6pjeOCuPBVlatcWTXUtP,0.692,0.774,7,-4.385,0,0.0872,0.146,0.0,0.155,0.533,98.066,142000,4
Foster,fools (can't help falling in love) (feat. Sody),71,165029,True,"['AD', 'AE', 'AL', 'AR', 'AT', 'AU', 'BA', 'BE', 'BG', 'BH', 'BO', 'BR', 'BY', 'CA', 'CH', 'CL', 'CO', 'CR', 'CY', 'CZ', 'DE', 'DK', 'DO', 'DZ', 'EC', 'EE', 'EG', 'ES', 'FI', 'FR', 'GB', 'GR', 'GT', 'HK', 'HN', 'HR', 'HU', 'ID', 'IE', 'IL', 'IN', 'IS', 'IT', 'JO', 'JP', 'KW', 'KZ', 'LB', 'LI', 'LT', 'LU', 'LV', 'MA', 'MC', 'MD', 'ME', 'MK', 'MT', 'MX', 'MY', 'NI', 'NL', 'NO', 'NZ', 'OM', 'PA', 'PE', 'PH', 'PL', 'PS', 'PT', 'PY', 'QA', 'RO', 'RS', 'RU', 'SA', 'SE', 'SG', 'SI', 'SK', 'SV', 'TH', 'TN', 'TR', 'TW', 'UA', 'US', 'UY', 'VN', 'XK', 'ZA']",spotify:track:4VEEDnEFLI9dUy5QA51rom,0.706,0.604,2,-6.932,1,0.303,0.418,0.0,0.242,0.361,82.03,165029,4
Taylor Swift,long story short,73,215920,False,"['AD', 'AE', 'AL', 'AR', 'AT', 'AU', 'BA', 'BE', 'BG', 'BH', 'BO', 'BR', 'BY', 'CA', 'CH', 'CL', 'CO', 'CR', 'CY', 'CZ', 'DE', 'DK', 'DO', 'DZ', 'EC', 'EE', 'EG', 'ES', 'FI', 'FR', 'GB', 'GR', 'GT', 'HK', 'HN', 'HR', 'HU', 'ID', 'IE', 'IL', 'IN', 'IS', 'IT', 'JO', 'KW', 'KZ', 'LB', 'LI', 'LT', 'LU', 'LV', 'MA', 'MC', 'MD', 'ME', 'MK', 'MT', 'MX', 'MY', 'NI', 'NL', 'NO', 'NZ', 'OM', 'PA', 'PE', 'PH', 'PL', 'PS', 'PT', 'PY', 'QA', 'RO', 'RS', 'RU', 'SA', 'SE', 'SG', 'SI', 'SK', 'SV', 'TH', 'TN', 'TR', 'TW', 'UA', 'US', 'UY', 'VN', 'XK', 'ZA']",spotify:track:2o2sgVJIgFXk8GQjWTgI6U,0.546,0.73,0,-7.704,1,0.0417,0.66,0.179,0.0972,0.573,157.895,215920,4
Shawn Mendes,Call My Friends,74,171078,False,"['AD', 'AE', 'AL', 'AR', 'AT', 'AU', 'BA', 'BE', 'BG', 'BH', 'BO', 'BR', 'BY', 'CA', 'CH', 'CL', 'CO', 'CR', 'CY', 'CZ', 'DE', 'DK', 'DO', 'DZ', 'EC', 'EE', 'EG', 'ES', 'FI', 'FR', 'GB', 'GR', 'GT', 'HK', 'HN', 'HR', 'HU', 'ID', 'IE', 'IL', 'IN', 'IS', 'IT', 'JO', 'JP', 'KW', 'KZ', 'LB', 'LI', 'LT', 'LU', 'LV', 'MA', 'MC', 'MD', 'ME', 'MK', 'MT', 'MX', 'MY', 'NI', 'NL', 'NO', 'NZ', 'OM', 'PA', 'PE', 'PH', 'PL', 'PS', 'PT', 'PY', 'QA', 'RO', 'RS', 'RU', 'SA', 'SE', 'SG', 'SI', 'SK', 'SV', 'TH', 'TN', 'TR', 'TW', 'UA', 'US', 'UY', 'VN', 'XK', 'ZA']",spotify:track:6KVxMOxlSYpC5nrvyWhYhx,0.53,0.79,7,-5.031,1,0.0344,0.0512,1.07e-06,0.122,0.438,146.09,171078,4
Dixie D’Amelio,One Whole Day (feat. Wiz Khalifa),74,176854,False,"['AD', 'AE', 'AL', 'AR', 'AT', 'AU', 'BA', 'BE', 'BG', 'BH', 'BO', 'BR', 'BY', 'CA', 'CH', 'CL', 'CO', 'CR', 'CY', 'CZ', 'DE', 'DK', 'DO', 'DZ', 'EC', 'EE', 'EG', 'ES', 'FI', 'FR', 'GB', 'GR', 'GT', 'HK', 'HN', 'HR', 'HU', 'ID', 'IE', 'IL', 'IN', 'IS', 'IT', 'JO', 'JP', 'KW', 'KZ', 'LB', 'LI', 'LT', 'LU', 'LV', 'MA', 'MC', 'MD', 'ME', 'MK', 'MT', 'MX', 'MY', 'NI', 'NL', 'NO', 'NZ', 'OM', 'PA', 'PE', 'PH', 'PL', 'PS', 'PT', 'PY', 'QA', 'RO', 'RS', 'RU', 'SA', 'SE', 'SG', 'SI', 'SK', 'SV', 'TH', 'TN', 'TR', 'TW', 'UA', 'US', 'UY', 'VN', 'XK', 'ZA']",spotify:track:4eHceQL93Re1ZiaY7kRZ7F,0.64,0.863,5,-4.002,1,0.0322,0.038,0.0,0.294,0.725,81.003,176854,4
The Weeknd,Blinding Lights (with ROSALÍA) - Remix,79,216123,False,"['AD', 'AE', 'AL', 'AR', 'AT', 'AU', 'BA', 'BE', 'BG', 'BH', 'BO', 'BR', 'BY', 'CA', 'CH', 'CL', 'CO', 'CR', 'CY', 'CZ', 'DE', 'DK', 'DO', 'DZ', 'EC', 'EE', 'EG', 'ES', 'FI', 'FR', 'GB', 'GR', 'GT', 'HK', 'HN', 'HR', 'HU', 'ID', 'IE', 'IL', 'IN', 'IS', 'IT', 'JO', 'JP', 'KW', 'KZ', 'LB', 'LI', 'LT', 'LU', 'LV', 'MA', 'MC', 'MD', 'ME', 'MK', 'MT', 'MX', 'MY', 'NI', 'NL', 'NO', 'NZ', 'OM', 'PA', 'PE', 'PH', 'PL', 'PS', 'PT', 'PY', 'QA', 'RO', 'RS', 'RU', 'SA', 'SE', 'SG', 'SI', 'SK', 'SV', 'TH', 'TN', 'TR', 'TW', 'UA', 'US', 'UY', 'VN', 'XK', 'ZA']",spotify:track:7MXgrcOQAJ5VwSNUL0lDd3,0.49,0.694,5,-5.793,0,0.0618,0.0133,4.62e-05,0.0946,0.249,170.903,216123,4
HVME,Goosebumps,87,163208,True,"['AD', 'AE', 'AL', 'AR', 'AT', 'AU', 'BA', 'BE', 'BG', 'BH', 'BO', 'BR', 'BY', 'CA', 'CH', 'CL', 'CO', 'CR', 'CY', 'CZ', 'DE', 'DK', 'DO', 'DZ', 'EC', 'EE', 'EG', 'ES', 'FI', 'FR', 'GB', 'GR', 'GT', 'HK', 'HN', 'HR', 'HU', 'ID', 'IE', 'IL', 'IN', 'IS', 'IT', 'JO', 'JP', 'KW', 'KZ', 'LB', 'LI', 'LU', 'LV', 'MA', 'MC', 'MD', 'ME', 'MK', 'MT', 'MX', 'MY', 'NI', 'NL', 'NO', 'NZ', 'OM', 'PA', 'PE', 'PH', 'PL', 'PS', 'PT', 'PY', 'QA', 'RO', 'RS', 'RU', 'SA', 'SE', 'SG', 'SI', 'SK', 'SV', 'TH', 'TN', 'TR', 'TW', 'UA', 'US', 'UY', 'VN', 'XK', 'ZA']",spotify:track:20McUFi8KCIVdNDLrkTDuZ,0.767,0.659,1,-7.429,1,0.0444,0.325,0.0,0.13,0.439,124.946,163208,4
Jack Harlow,Way Out (feat. Big Sean),64,168906,True,"['AD', 'AE', 'AL', 'AR', 'AT', 'AU', 'BA', 'BE', 'BG', 'BH', 'BO', 'BR', 'BY', 'CA', 'CH', 'CL', 'CO', 'CR', 'CY', 'CZ', 'DE', 'DK', 'DO', 'DZ', 'EC', 'EE', 'EG', 'ES', 'FI', 'FR', 'GB', 'GR', 'GT', 'HK', 'HN', 'HR', 'HU', 'ID', 'IE', 'IL', 'IN', 'IS', 'IT', 'JO', 'JP', 'KW', 'KZ', 'LB', 'LI', 'LT', 'LU', 'LV', 'MA', 'MC', 'MD', 'ME', 'MK', 'MT', 'MX', 'MY', 'NI', 'NL', 'NO', 'NZ', 'OM', 'PA', 'PE', 'PH', 'PL', 'PS', 'PT', 'PY', 'QA', 'RO', 'RS', 'RU', 'SA', 'SE', 'SG', 'SI', 'SK', 'SV', 'TH', 'TN', 'TR', 'TW', 'UA', 'US', 'UY', 'VN', 'XK', 'ZA']",spotify:track:57VeLYXrvNxe8Vs18K2M9W,0.945,0.582,11,-8.357,0,0.0719,0.114,0.0,0.103,0.907,108.025,168906,4
Shawn Mendes,Monster (Shawn Mendes & Justin Bieber),93,178994,False,"['AD', 'AE', 'AL', 'AR', 'AT', 'AU', 'BA', 'BE', 'BG', 'BH', 'BO', 'BR', 'BY', 'CA', 'CH', 'CL', 'CO', 'CR', 'CY', 'CZ', 'DE', 'DK', 'DO', 'DZ', 'EC', 'EE', 'EG', 'ES', 'FI', 'FR', 'GB', 'GR', 'GT', 'HK', 'HN', 'HR', 'HU', 'ID', 'IE', 'IL', 'IN', 'IS', 'IT', 'JO', 'JP', 'KW', 'KZ', 'LB', 'LI', 'LT', 'LU', 'LV', 'MA', 'MC', 'MD', 'ME', 'MK', 'MT', 'MX', 'MY', 'NI', 'NL', 'NO', 'NZ', 'OM', 'PA', 'PE', 'PH', 'PL', 'PS', 'PT', 'PY', 'QA', 'RO', 'RS', 'RU', 'SA', 'SG', 'SI', 'SK', 'SV', 'TH', 'TN', 'TR', 'TW', 'UA', 'US', 'UY', 'VN', 'XK', 'ZA']",spotify:track:2Z8yfpFX0ZMavHkcIeHiO1,0.652,0.383,2,-7.076,0,0.0516,0.0676,0.0,0.0828,0.549,145.765,178994,4
All Time Low,Monsters (feat. Demi Lovato and blackbear),63,174424,True,"['AD', 'AE', 'AL', 'AR', 'AT', 'AU', 'BA', 'BE', 'BG', 'BH', 'BO', 'BR', 'BY', 'CA', 'CH', 'CL', 'CO', 'CR', 'CY', 'CZ', 'DE', 'DK', 'DO', 'DZ', 'EC', 'EE', 'EG', 'ES', 'FI', 'FR', 'GB', 'GR', 'GT', 'HK', 'HN', 'HR', 'HU', 'ID', 'IE', 'IL', 'IN', 'IS', 'IT', 'JO', 'JP', 'KW', 'KZ', 'LB', 'LI', 'LT', 'LU', 'LV', 'MA', 'MC', 'MD', 'ME', 'MK', 'MT', 'MX', 'MY', 'NI', 'NL', 'NO', 'NZ', 'OM', 'PA', 'PE', 'PH', 'PL', 'PS', 'PT', 'PY', 'QA', 'RO', 'RS', 'RU', 'SA', 'SE', 'SG', 'SI', 'SK', 'SV', 'TH', 'TN', 'TR', 'TW', 'UA', 'US', 'UY', 'VN', 'XK', 'ZA']",spotify:track:50DMJJpAeQv4fIpxZvQz2e,0.51,0.787,0,-3.712,0,0.0529,0.0137,0.0,0.368,0.793,162.092,174425,4
YUNGBLUD,acting like that (feat. Machine Gun Kelly),74,191066,True,"['AD', 'AE', 'AL', 'AR', 'AT', 'AU', 'BA', 'BE', 'BG', 'BH', 'BO', 'BR', 'BY', 'CA', 'CH', 'CL', 'CO', 'CR', 'CY', 'CZ', 'DE', 'DK', 'DO', 'DZ', 'EC', 'EE', 'EG', 'ES', 'FI', 'FR', 'GB', 'GR', 'GT', 'HK', 'HN', 'HR', 'HU', 'ID', 'IE', 'IL', 'IN', 'IS', 'IT', 'JO', 'JP', 'KW', 'KZ', 'LB', 'LI', 'LT', 'LU', 'LV', 'MA', 'MC', 'MD', 'ME', 'MK', 'MT', 'MX', 'MY', 'NI', 'NL', 'NO', 'NZ', 'OM', 'PA', 'PE', 'PH', 'PL', 'PS', 'PT', 'PY', 'QA', 'RO', 'RS', 'RU', 'SA', 'SE', 'SG', 'SI', 'SK', 'SV', 'TH', 'TN', 'TR', 'TW', 'UA', 'US', 'UY', 'VN', 'XK', 'ZA']",spotify:track:6PxNpy8jOjyZ8aGCD58LpW,0.522,0.9,0,-2.631,0,0.0719,6.98e-05,0.0,0.3,0.579,160.01,191067,4
Alexander 23,Nothing's the Same,60,175041,False,"['AD', 'AE', 'AL', 'AR', 'AT', 'AU', 'BA', 'BE', 'BG', 'BH', 'BO', 'BR', 'BY', 'CA', 'CH', 'CL', 'CO', 'CR', 'CY', 'CZ', 'DE', 'DK', 'DO', 'DZ', 'EC', 'EE', 'EG', 'ES', 'FI', 'FR', 'GB', 'GR', 'GT', 'HK', 'HN', 'HR', 'HU', 'ID', 'IE', 'IL', 'IN', 'IS', 'IT', 'JO', 'JP', 'KW', 'KZ', 'LB', 'LI', 'LT', 'LU', 'LV', 'MA', 'MC', 'MD', 'ME', 'MK', 'MT', 'MX', 'MY', 'NI', 'NL', 'NO', 'NZ', 'OM', 'PA', 'PE', 'PH', 'PL', 'PS', 'PT', 'PY', 'QA', 'RO', 'RS', 'RU', 'SA', 'SE', 'SG', 'SI', 'SK', 'SV', 'TH', 'TN', 'TR', 'TW', 'UA', 'US', 'UY', 'VN', 'XK', 'ZA']",spotify:track:3NllHdYknM2F6UxxGevXWc,0.735,0.32,11,-11.32,1,0.0437,0.528,0.00271,0.215,0.401,132.853,175041,4
Ricky Montgomery,Line Without a Hook,83,249586,False,"['AD', 'AE', 'AL', 'AR', 'AT', 'AU', 'BA', 'BE', 'BG', 'BH', 'BO', 'BR', 'BY', 'CA', 'CH', 'CL', 'CO', 'CR', 'CY', 'CZ', 'DE', 'DK', 'DO', 'DZ', 'EC', 'EE', 'EG', 'ES', 'FI', 'FR', 'GB', 'GR', 'GT', 'HK', 'HN', 'HR', 'HU', 'ID', 'IE', 'IL', 'IN', 'IS', 'IT', 'JO', 'JP', 'KW', 'KZ', 'LB', 'LI', 'LT', 'LU', 'LV', 'MA', 'MC', 'MD', 'ME', 'MK', 'MT', 'MX', 'MY', 'NI', 'NL', 'NO', 'NZ', 'OM', 'PA', 'PE', 'PH', 'PL', 'PS', 'PT', 'PY', 'QA', 'RO', 'RS', 'RU', 'SA', 'SE', 'SG', 'SI', 'SK', 'SV', 'TH', 'TN', 'TR', 'TW', 'UA', 'US', 'UY', 'VN', 'XK', 'ZA']",spotify:track:5jvgec3P4jyoZUPTy2pWDR,0.432,0.652,8,-4.969,1,0.0285,0.262,0.0,0.258,0.507,190.028,249587,3
Juice WRLD,Real Shit (with benny blanco),84,183782,True,"['AD', 'AE', 'AL', 'AR', 'AT', 'AU', 'BA', 'BE', 'BG', 'BH', 'BO', 'BR', 'BY', 'CA', 'CH', 'CL', 'CO', 'CR', 'CY', 'CZ', 'DE', 'DK', 'DO', 'DZ', 'EC', 'EE', 'EG', 'ES', 'FI', 'FR', 'GB', 'GR', 'GT', 'HK', 'HN', 'HR', 'HU', 'ID', 'IE', 'IL', 'IN', 'IS', 'IT', 'JO', 'JP', 'KW', 'KZ', 'LB', 'LI', 'LT', 'LU', 'LV', 'MA', 'MC', 'MD', 'ME', 'MK', 'MT', 'MX', 'MY', 'NI', 'NL', 'NO', 'NZ', 'OM', 'PA', 'PE', 'PH', 'PL', 'PS', 'PT', 'PY', 'QA', 'RO', 'RS', 'RU', 'SA', 'SE', 'SG', 'SI', 'SK', 'SV', 'TH', 'TN', 'TR', 'TW', 'UA', 'US', 'UY', 'VN', 'XK', 'ZA']",spotify:track:3uVPLtkmDu8pDkYEAVqbgS,0.703,0.703,1,-4.672,1,0.133,0.605,0.0,0.12,0.697,76.017,183783,4
Why Don't We,Lotus Inn,72,195868,False,"['AD', 'AE', 'AL', 'AR', 'AT', 'AU', 'BA', 'BE', 'BG', 'BH', 'BO', 'BR', 'BY', 'CA', 'CH', 'CL', 'CO', 'CR', 'CY', 'CZ', 'DE', 'DK', 'DO', 'DZ', 'EC', 'EE', 'EG', 'ES', 'FI', 'FR', 'GB', 'GR', 'GT', 'HK', 'HN', 'HR', 'HU', 'ID', 'IE', 'IL', 'IN', 'IS', 'IT', 'JO', 'JP', 'KW', 'KZ', 'LB', 'LI', 'LT', 'LU', 'LV', 'MA', 'MC', 'MD', 'ME', 'MK', 'MT', 'MX', 'MY', 'NI', 'NL', 'NO', 'NZ', 'OM', 'PA', 'PE', 'PH', 'PL', 'PS', 'PT', 'PY', 'QA', 'RO', 'RS', 'RU', 'SA', 'SE', 'SG', 'SI', 'SK', 'SV', 'TH', 'TN', 'TR', 'TW', 'UA', 'US', 'UY', 'VN', 'XK', 'ZA']",spotify:track:1fXmDeiCb3ABt5CzkMxp4u,0.578,0.74,2,-5.08,1,0.0721,0.0119,0.0,0.18,0.495,155.984,195868,4
Ava Max,My Head & My Heart,77,174760,False,"['AD', 'AE', 'AL', 'AR', 'AT', 'AU', 'BA', 'BE', 'BG', 'BH', 'BO', 'BR', 'BY', 'CA', 'CH', 'CL', 'CO', 'CR', 'CY', 'CZ', 'DE', 'DK', 'DO', 'DZ', 'EC', 'EE', 'EG', 'ES', 'FI', 'FR', 'GB', 'GR', 'GT', 'HK', 'HN', 'HR', 'HU', 'ID', 'IE', 'IL', 'IN', 'IS', 'IT', 'JO', 'JP', 'KW', 'KZ', 'LB', 'LI', 'LT', 'LU', 'LV', 'MA', 'MC', 'MD', 'ME', 'MK', 'MT', 'MX', 'MY', 'NI', 'NL', 'NO', 'NZ', 'OM', 'PA', 'PE', 'PH', 'PL', 'PS', 'PT', 'PY', 'QA', 'RO', 'RS', 'RU', 'SA', 'SE', 'SG', 'SI', 'SK', 'SV', 'TH', 'TN', 'TR', 'TW', 'UA', 'US', 'UY', 'VN', 'XK', 'ZA']",spotify:track:1KixkQVDUHggZMU9dUobgm,0.614,0.934,9,-3.709,0,0.07,0.0697,0.0,0.121,0.436,116.001,174760,4
Tones And I,Fly Away,69,178156,False,"['AU', 'NZ']",spotify:track:1jgu8MFTEGdL1wjw9gZj5y,0.805,0.515,4,-6.201,1,0.0915,0.223,0.0,0.238,0.488,124.969,178157,4
Miley Cyrus,Plastic Hearts,81,205733,False,"['AD', 'AE', 'AL', 'AR', 'AT', 'AU', 'BA', 'BE', 'BG', 'BH', 'BO', 'BR', 'BY', 'CA', 'CH', 'CL', 'CO', 'CR', 'CY', 'CZ', 'DE', 'DK', 'DO', 'DZ', 'EC', 'EE', 'EG', 'ES', 'FI', 'FR', 'GB', 'GR', 'GT', 'HK', 'HN', 'HR', 'HU', 'ID', 'IE', 'IL', 'IN', 'IS', 'IT', 'JO', 'JP', 'KW', 'KZ', 'LB', 'LI', 'LT', 'LU', 'LV', 'MA', 'MC', 'MD', 'ME', 'MK', 'MT', 'MX', 'MY', 'NI', 'NL', 'NO', 'NZ', 'OM', 'PA', 'PE', 'PH', 'PL', 'PS', 'PT', 'PY', 'QA', 'RO', 'RS', 'RU', 'SA', 'SE', 'SG', 'SI', 'SK', 'SV', 'TH', 'TN', 'TR', 'TW', 'UA', 'US', 'UY', 'VN', 'XK', 'ZA']",spotify:track:6qCsKKS7Ol63SJW3LOIX5R,0.551,0.756,2,-4.948,1,0.0652,0.0511,0.0,0.0765,0.618,175.984,205733,4
iann dior,Holding On,78,126443,True,"['AD', 'AE', 'AL', 'AR', 'AT', 'AU', 'BA', 'BE', 'BG', 'BH', 'BO', 'BR', 'BY', 'CA', 'CH', 'CL', 'CO', 'CR', 'CY', 'CZ', 'DE', 'DK', 'DO', 'DZ', 'EC', 'EE', 'EG', 'ES', 'FI', 'FR', 'GB', 'GR', 'GT', 'HK', 'HN', 'HR', 'HU', 'ID', 'IE', 'IL', 'IN', 'IS', 'IT', 'JO', 'JP', 'KW', 'KZ', 'LB', 'LI', 'LT', 'LU', 'LV', 'MA', 'MC', 'MD', 'ME', 'MK', 'MT', 'MX', 'MY', 'NI', 'NL', 'NO', 'NZ', 'OM', 'PA', 'PE', 'PH', 'PL', 'PS', 'PT', 'PY', 'QA', 'RO', 'RS', 'RU', 'SA', 'SE', 'SG', 'SI', 'SK', 'SV', 'TH', 'TN', 'TR', 'TW', 'UA', 'US', 'UY', 'VN', 'XK', 'ZA']",spotify:track:6CN7FuZ7o1xle9TNxApGeQ,0.706,0.76,8,-4.702,1,0.0369,0.0599,1.46e-06,0.202,0.564,95.499,126444,4
Black Eyed Peas,GIRL LIKE ME,57,220659,True,"['AD', 'FR', 'MC']",spotify:track:2vBET2pmrQqafaS6zIaYta,0.964,0.486,2,-8.891,1,0.188,0.0194,0.04,0.0694,0.318,124.058,220659,4
Leah Kate,Fuck Up the Friendship,71,172757,True,"['AD', 'AE', 'AL', 'AR', 'AT', 'AU', 'BA', 'BE', 'BG', 'BH', 'BO', 'BR', 'BY', 'CA', 'CH', 'CL', 'CO', 'CR', 'CY', 'CZ', 'DE', 'DK', 'DO', 'DZ', 'EC', 'EE', 'EG', 'ES', 'FI', 'FR', 'GB', 'GR', 'GT', 'HK', 'HN', 'HR', 'HU', 'ID', 'IE', 'IL', 'IN', 'IS', 'IT', 'JO', 'JP', 'KW', 'KZ', 'LB', 'LI', 'LT', 'LU', 'LV', 'MA', 'MC', 'MD', 'ME', 'MK', 'MT', 'MX', 'MY', 'NI', 'NL', 'NO', 'NZ', 'OM', 'PA', 'PE', 'PH', 'PL', 'PS', 'PT', 'PY', 'QA', 'RO', 'RS', 'RU', 'SA', 'SE', 'SG', 'SI', 'SK', 'SV', 'TH', 'TN', 'TR', 'TW', 'UA', 'US', 'UY', 'VN', 'XK', 'ZA']",spotify:track:1ddKUwm3UuvcMWLLAgOIcX,0.745,0.736,1,-5.258,0,0.29,0.142,1.1e-05,0.11,0.77,104.008,172758,4
Shawn Mendes,Teach Me How To Love,80,202356,False,"['AD', 'AE', 'AL', 'AR', 'AT', 'AU', 'BA', 'BE', 'BG', 'BH', 'BO', 'BR', 'BY', 'CA', 'CH', 'CL', 'CO', 'CR', 'CY', 'CZ', 'DE', 'DK', 'DO', 'DZ', 'EC', 'EE', 'EG', 'ES', 'FI', 'FR', 'GB', 'GR', 'GT', 'HK', 'HN', 'HR', 'HU', 'ID', 'IE', 'IL', 'IN', 'IS', 'IT', 'JO', 'JP', 'KW', 'KZ', 'LB', 'LI', 'LT', 'LU', 'LV', 'MA', 'MC', 'MD', 'ME', 'MK', 'MT', 'MX', 'MY', 'NI', 'NL', 'NO', 'NZ', 'OM', 'PA', 'PE', 'PH', 'PL', 'PS', 'PT', 'PY', 'QA', 'RO', 'RS', 'RU', 'SA', 'SE', 'SG', 'SI', 'SK', 'SV', 'TH', 'TN', 'TR', 'TW', 'UA', 'US', 'UY', 'VN', 'XK', 'ZA']",spotify:track:5LZtB6nxvjIhUoElp3Zqk0,0.592,0.885,9,-4.944,0,0.0807,0.0505,2.38e-06,0.0843,0.731,98.991,202357,4
Taylor Swift,gold rush,76,185320,True,"['AD', 'AE', 'AL', 'AR', 'AT', 'AU', 'BA', 'BE', 'BG', 'BH', 'BO', 'BR', 'BY', 'CA', 'CH', 'CL', 'CO', 'CR', 'CY', 'CZ', 'DE', 'DK', 'DO', 'DZ', 'EC', 'EE', 'EG', 'ES', 'FI', 'FR', 'GB', 'GR', 'GT', 'HK', 'HN', 'HR', 'HU', 'ID', 'IE', 'IL', 'IN', 'IS', 'IT', 'JO', 'KW', 'KZ', 'LB', 'LI', 'LT', 'LU', 'LV', 'MA', 'MC', 'MD', 'ME', 'MK', 'MT', 'MX', 'MY', 'NI', 'NL', 'NO', 'NZ', 'OM', 'PA', 'PE', 'PH', 'PL', 'PS', 'PT', 'PY', 'QA', 'RO', 'RS', 'RU', 'SA', 'SE', 'SG', 'SI', 'SK', 'SV', 'TH', 'TN', 'TR', 'TW', 'UA', 'US', 'UY', 'VN', 'XK', 'ZA']",spotify:track:5BK0uqwY9DNfZ630STAEaq,0.512,0.462,9,-10.491,1,0.0408,0.83,0.166,0.121,0.353,112.05,185320,4
Billie Eilish,Therefore I Am,96,174321,False,"['AD', 'AE', 'AL', 'AR', 'AT', 'AU', 'BA', 'BE', 'BG', 'BH', 'BO', 'BR', 'BY', 'CA', 'CH', 'CL', 'CO', 'CR', 'CY', 'CZ', 'DE', 'DK', 'DO', 'DZ', 'EC', 'EE', 'EG', 'ES', 'FI', 'FR', 'GB', 'GR', 'GT', 'HK', 'HN', 'HR', 'HU', 'ID', 'IE', 'IL', 'IN', 'IS', 'IT', 'JO', 'JP', 'KW', 'KZ', 'LB', 'LI', 'LT', 'LU', 'LV', 'MA', 'MC', 'MD', 'ME', 'MK', 'MT', 'MX', 'MY', 'NI', 'NL', 'NO', 'NZ', 'OM', 'PA', 'PE', 'PH', 'PL', 'PS', 'PT', 'PY', 'QA', 'RO', 'RS', 'RU', 'SA', 'SE', 'SG', 'SI', 'SK', 'SV', 'TH', 'TN', 'TR', 'TW', 'UA', 'US', 'UY', 'VN', 'XK', 'ZA']",spotify:track:54bFM56PmE4YLRnqpW6Tha,0.889,0.34,11,-7.773,0,0.0697,0.218,0.13,0.055,0.716,94.009,174321,4
Anson Seabra,Walked Through Hell,71,216864,False,"['AD', 'AE', 'AL', 'AR', 'AT', 'AU', 'BA', 'BE', 'BG', 'BH', 'BO', 'BR', 'BY', 'CA', 'CH', 'CL', 'CO', 'CR', 'CY', 'CZ', 'DE', 'DK', 'DO', 'DZ', 'EC', 'EE', 'EG', 'ES', 'FI', 'FR', 'GB', 'GR', 'GT', 'HK', 'HN', 'HR', 'HU', 'ID', 'IE', 'IL', 'IN', 'IS', 'IT', 'JO', 'JP', 'KW', 'KZ', 'LB', 'LI', 'LT', 'LU', 'LV', 'MA', 'MC', 'MD', 'ME', 'MK', 'MT', 'MX', 'MY', 'NI', 'NL', 'NO', 'NZ', 'OM', 'PA', 'PE', 'PH', 'PL', 'PS', 'PT', 'PY', 'QA', 'RO', 'RS', 'RU', 'SA', 'SE', 'SG', 'SI', 'SK', 'SV', 'TH', 'TN', 'TR', 'TW', 'UA', 'US', 'UY', 'VN', 'XK', 'ZA']",spotify:track:6c7N5N7amAOpeMykjlovjI,0.508,0.404,10,-11.092,1,0.0788,0.664,0.0,0.104,0.129,81.713,216865,4
AJR,Bang!,78,170858,False,['US'],spotify:track:53BHUFdQphHiZUUG3nx9zn,0.74,0.516,1,-6.233,0,0.0507,0.0183,0.0,0.0558,0.698,139.918,170858,4
Aries,FOOL'S GOLD,71,149843,False,"['AD', 'AE', 'AL', 'AR', 'AT', 'AU', 'BA', 'BE', 'BG', 'BH', 'BO', 'BR', 'BY', 'CA', 'CH', 'CL', 'CO', 'CR', 'CY', 'CZ', 'DE', 'DK', 'DO', 'DZ', 'EC', 'EE', 'EG', 'ES', 'FI', 'FR', 'GB', 'GR', 'GT', 'HK', 'HN', 'HR', 'HU', 'ID', 'IE', 'IL', 'IN', 'IS', 'IT', 'JO', 'JP', 'KW', 'KZ', 'LB', 'LI', 'LT', 'LU', 'LV', 'MA', 'MC', 'MD', 'ME', 'MK', 'MT', 'MX', 'MY', 'NI', 'NL', 'NO', 'NZ', 'OM', 'PA', 'PE', 'PH', 'PL', 'PS', 'PT', 'PY', 'QA', 'RO', 'RS', 'RU', 'SA', 'SE', 'SG', 'SI', 'SK', 'SV', 'TH', 'TN', 'TR', 'TW', 'UA', 'US', 'UY', 'VN', 'XK', 'ZA']",spotify:track:1ryUAnJ3gPNtw85hwiVA7Z,0.662,0.525,6,-8.546,0,0.0341,0.281,0.0,0.199,0.577,133.937,149843,4
Lil Nas X,HOLIDAY,91,154997,True,"['AD', 'AE', 'AL', 'AR', 'AT', 'AU', 'BA', 'BE', 'BG', 'BH', 'BO', 'BR', 'BY', 'CA', 'CH', 'CL', 'CO', 'CR', 'CY', 'CZ', 'DE', 'DK', 'DO', 'DZ', 'EC', 'EE', 'EG', 'ES', 'FI', 'FR', 'GB', 'GR', 'GT', 'HK', 'HN', 'HR', 'HU', 'ID', 'IE', 'IL', 'IN', 'IS', 'IT', 'JO', 'JP', 'KW', 'KZ', 'LB', 'LI', 'LT', 'LU', 'LV', 'MA', 'MC', 'MD', 'ME', 'MK', 'MT', 'MX', 'MY', 'NI', 'NL', 'NO', 'NZ', 'OM', 'PA', 'PE', 'PH', 'PL', 'PS', 'PT', 'PY', 'QA', 'RO', 'RS', 'RU', 'SA', 'SE', 'SG', 'SI', 'SK', 'SV', 'TH', 'TN', 'TR', 'TW', 'UA', 'US', 'UY', 'VN', 'XK', 'ZA']",spotify:track:6zFMeegAMYQo0mt8rXtrli,0.81,0.511,5,-6.924,0,0.164,0.12,0.0,0.0832,0.837,151.947,154998,4
Dua Lipa,Fever,85,156910,False,"['AD', 'AE', 'AL', 'AR', 'AU', 'BA', 'BE', 'BG', 'BH', 'BO', 'BR', 'BY', 'CA', 'CL', 'CO', 'CR', 'CY', 'CZ', 'DK', 'DO', 'DZ', 'EC', 'EE', 'EG', 'ES', 'FI', 'FR', 'GB', 'GR', 'GT', 'HK', 'HN', 'HR', 'HU', 'ID', 'IE', 'IL', 'IN', 'IS', 'IT', 'JO', 'JP', 'KW', 'KZ', 'LB', 'LI', 'LT', 'LU', 'LV', 'MA', 'MC', 'MD', 'ME', 'MK', 'MT', 'MX', 'MY', 'NI', 'NL', 'NO', 'NZ', 'OM', 'PA', 'PE', 'PH', 'PL', 'PS', 'PT', 'PY', 'QA', 'RO', 'RS', 'RU', 'SA', 'SE', 'SG', 'SI', 'SK', 'SV', 'TH', 'TN', 'TR', 'TW', 'UA', 'US', 'UY', 'VN', 'XK', 'ZA']",spotify:track:3wJVBz7gvGTwTWVAxFa6ny,0.868,0.693,6,-7.052,0,0.181,0.0597,0.00399,0.106,0.396,114.999,156911,4
Felix Jaehn,I Just Wanna (feat. Bow Anderson),59,159657,False,"['AD', 'AE', 'AL', 'AR', 'AT', 'AU', 'BA', 'BE', 'BG', 'BH', 'BO', 'BR', 'BY', 'CA', 'CH', 'CL', 'CO', 'CR', 'CY', 'CZ', 'DE', 'DK', 'DO', 'DZ', 'EC', 'EE', 'EG', 'ES', 'FI', 'FR', 'GB', 'GR', 'GT', 'HK', 'HN', 'HR', 'HU', 'ID', 'IE', 'IL', 'IN', 'IS', 'IT', 'JO', 'JP', 'KW', 'KZ', 'LB', 'LI', 'LT', 'LU', 'LV', 'MA', 'MC', 'MD', 'ME', 'MK', 'MT', 'MX', 'MY', 'NI', 'NL', 'NO', 'NZ', 'OM', 'PA', 'PE', 'PH', 'PL', 'PS', 'PT', 'PY', 'QA', 'RO', 'RS', 'RU', 'SA', 'SE', 'SG', 'SI', 'SK', 'SV', 'TH', 'TN', 'TR', 'TW', 'UA', 'US', 'UY', 'VN', 'XK', 'ZA']",spotify:track:1cVQmBnSLjhWB67iqAXYZZ,0.696,0.724,11,-7.083,1,0.0421,0.18,8.69e-05,0.251,0.568,117.998,159657,4
Lil Baby,Errbody,78,210698,True,"['AD', 'AE', 'AL', 'AR', 'AT', 'AU', 'BA', 'BE', 'BG', 'BH', 'BO', 'BR', 'BY', 'CA', 'CH', 'CL', 'CO', 'CR', 'CY', 'CZ', 'DE', 'DK', 'DO', 'DZ', 'EC', 'EE', 'EG', 'ES', 'FI', 'FR', 'GB', 'GR', 'GT', 'HK', 'HN', 'HR', 'HU', 'ID', 'IE', 'IL', 'IN', 'IS', 'IT', 'JO', 'JP', 'KW', 'KZ', 'LB', 'LI', 'LT', 'LU', 'LV', 'MA', 'MC', 'MD', 'ME', 'MK', 'MT', 'MX', 'MY', 'NI', 'NL', 'NO', 'NZ', 'OM', 'PA', 'PE', 'PH', 'PL', 'PS', 'PT', 'PY', 'QA', 'RO', 'RS', 'RU', 'SA', 'SE', 'SG', 'SI', 'SK', 'SV', 'TH', 'TN', 'TR', 'TW', 'UA', 'US', 'UY', 'VN', 'XK', 'ZA']",spotify:track:6eVxH9Kyanzrw636zJRPcw,0.887,0.606,2,-6.572,1,0.324,0.000407,0.0,0.151,0.272,139.995,210699,4
347aidan,Dancing in My Room,68,180121,False,[],spotify:track:7CCCX50zGHMTuHsyKQy03l,0.979,0.41,8,-11.056,0,0.112,0.658,3.42e-05,0.205,0.74,119.971,180122,4
MEDUZA,Paradise (feat. Dermot Kennedy),89,167903,False,"['AD', 'AE', 'AL', 'AR', 'AT', 'AU', 'BA', 'BE', 'BG', 'BH', 'BO', 'BR', 'BY', 'CA', 'CH', 'CL', 'CO', 'CR', 'CY', 'CZ', 'DE', 'DK', 'DO', 'DZ', 'EC', 'EE', 'EG', 'ES', 'FI', 'FR', 'GB', 'GR', 'GT', 'HK', 'HN', 'HR', 'HU', 'ID', 'IE', 'IL', 'IN', 'IS', 'IT', 'JO', 'JP', 'KW', 'KZ', 'LB', 'LI', 'LT', 'LU', 'LV', 'MA', 'MC', 'MD', 'ME', 'MK', 'MT', 'MX', 'MY', 'NI', 'NL', 'NO', 'NZ', 'OM', 'PA', 'PE', 'PH', 'PL', 'PS', 'PT', 'PY', 'QA', 'RO', 'RS', 'RU', 'SA', 'SE', 'SG', 'SI', 'SK', 'SV', 'TH', 'TN', 'TR', 'TW', 'UA', 'US', 'UY', 'VN', 'XK', 'ZA']",spotify:track:6ft4hAq6yde8jPZY2i5zLr,0.632,0.595,8,-7.644,0,0.0401,0.0689,0.0,0.209,0.435,124.114,167903,4
Jason Derulo,Love Not War (The Tampa Beat),81,192921,False,"['AD', 'AE', 'AL', 'AR', 'AT', 'AU', 'BA', 'BE', 'BG', 'BH', 'BO', 'BR', 'BY', 'CA', 'CH', 'CL', 'CO', 'CR', 'CY', 'CZ', 'DE', 'DK', 'DO', 'DZ', 'EC', 'EE', 'EG', 'ES', 'FI', 'FR', 'GB', 'GR', 'GT', 'HK', 'HN', 'HR', 'HU', 'ID', 'IE', 'IL', 'IN', 'IS', 'IT', 'JO', 'JP', 'KW', 'KZ', 'LB', 'LI', 'LT', 'LU', 'LV', 'MA', 'MC', 'MD', 'ME', 'MK', 'MT', 'MX', 'MY', 'NI', 'NL', 'NO', 'NZ', 'OM', 'PA', 'PE', 'PH', 'PL', 'PS', 'PT', 'PY', 'QA', 'RO', 'RS', 'RU', 'SA', 'SE', 'SG', 'SI', 'SK', 'SV', 'TH', 'TN', 'TR', 'TW', 'UA', 'US', 'UY', 'VN', 'XK', 'ZA']",spotify:track:4Lt6GXGzYsa1tgkv3nGSTm,0.738,0.85,8,-3.049,1,0.0642,0.105,0.0,0.23,0.865,98.013,192921,4
Rina Sawayama,LUCID,70,218108,False,"['AD', 'AE', 'AL', 'AR', 'AT', 'AU', 'BA', 'BE', 'BG', 'BH', 'BO', 'BR', 'BY', 'CA', 'CH', 'CL', 'CO', 'CR', 'CY', 'CZ', 'DE', 'DK', 'DO', 'DZ', 'EC', 'EE', 'EG', 'ES', 'FI', 'FR', 'GB', 'GR', 'GT', 'HK', 'HN', 'HR', 'HU', 'ID', 'IE', 'IL', 'IN', 'IS', 'IT', 'JO', 'KW', 'KZ', 'LB', 'LI', 'LT', 'LU', 'LV', 'MA', 'MC', 'MD', 'ME', 'MK', 'MT', 'MX', 'MY', 'NI', 'NL', 'NO', 'NZ', 'OM', 'PA', 'PE', 'PH', 'PL', 'PS', 'PT', 'PY', 'QA', 'RO', 'RS', 'RU', 'SA', 'SE', 'SG', 'SI', 'SK', 'SV', 'TH', 'TN', 'TR', 'TW', 'UA', 'US', 'UY', 'VN', 'XK', 'ZA']",spotify:track:5DVATjQZPVsm5kWbrPmekU,0.672,0.895,8,-2.836,1,0.0469,0.0145,0.000968,0.175,0.412,125.983,218108,4
Miley Cyrus,Prisoner (feat. Dua Lipa),90,169333,False,"['AD', 'AE', 'AL', 'AR', 'AT', 'AU', 'BA', 'BE', 'BG', 'BH', 'BO', 'BR', 'BY', 'CA', 'CH', 'CL', 'CO', 'CR', 'CY', 'CZ', 'DE', 'DK', 'DO', 'DZ', 'EC', 'EE', 'EG', 'ES', 'FI', 'FR', 'GB', 'GR', 'GT', 'HK', 'HN', 'HR', 'HU', 'ID', 'IE', 'IL', 'IN', 'IS', 'IT', 'JO', 'JP', 'KW', 'KZ', 'LB', 'LI', 'LT', 'LU', 'LV', 'MA', 'MC', 'MD', 'ME', 'MK', 'MT', 'MX', 'MY', 'NI', 'NL', 'NO', 'NZ', 'OM', 'PA', 'PE', 'PH', 'PL', 'PS', 'PT', 'PY', 'QA', 'RO', 'RS', 'RU', 'SA', 'SG', 'SI', 'SK', 'SV', 'TH', 'TN', 'TR', 'TW', 'UA', 'US', 'UY', 'VN', 'XK', 'ZA']",spotify:track:5JqZ3oqF00jkT81foAFvqg,0.781,0.67,3,-3.912,0,0.0452,0.0103,0.0,0.0761,0.595,127.99,169333,4
Sasha Sloan,Is It Just Me? (feat. Charlie Puth),72,154274,False,"['AD', 'AE', 'AL', 'AR', 'AT', 'AU', 'BA', 'BE', 'BG', 'BH', 'BO', 'BR', 'BY', 'CA', 'CH', 'CL', 'CO', 'CR', 'CY', 'CZ', 'DE', 'DK', 'DO', 'DZ', 'EC', 'EE', 'EG', 'ES', 'FI', 'FR', 'GB', 'GR', 'GT', 'HK', 'HN', 'HR', 'HU', 'ID', 'IE', 'IL', 'IN', 'IS', 'IT', 'JO', 'JP', 'KW', 'KZ', 'LB', 'LI', 'LT', 'LU', 'LV', 'MA', 'MC', 'MD', 'ME', 'MK', 'MT', 'MX', 'MY', 'NI', 'NL', 'NO', 'NZ', 'OM', 'PA', 'PE', 'PH', 'PL', 'PS', 'PT', 'PY', 'QA', 'RO', 'RS', 'RU', 'SA', 'SE', 'SG', 'SI', 'SK', 'SV', 'TH', 'TN', 'TR', 'TW', 'UA', 'US', 'UY', 'VN', 'XK', 'ZA']",spotify:track:5tqNWWiySiABLrGAvSWsO5,0.682,0.363,2,-10.837,1,0.0261,0.699,3e-05,0.363,0.203,94.978,154275,4
Declan J Donovan,Perfectly Imperfect,26,204309,False,"['AE', 'AR', 'AU', 'BH', 'BO', 'BR', 'CA', 'CL', 'CO', 'CR', 'DO', 'EC', 'GB', 'GT', 'HK', 'HN', 'ID', 'IN', 'JO', 'JP', 'KW', 'LB', 'MX', 'MY', 'NI', 'NZ', 'OM', 'PA', 'PE', 'PH', 'PS', 'PY', 'QA', 'SA', 'SG', 'SV', 'TH', 'TW', 'US', 'UY', 'VN']",spotify:track:4Qxb1DGnSq7Nl1pDeWw6LT,0.698,0.367,2,-5.811,1,0.0329,0.649,0.0,0.119,0.246,104.853,204309,3
UPSAHL,Drugs,72,155866,False,"['AD', 'AE', 'AL', 'AR', 'AT', 'AU', 'BA', 'BE', 'BG', 'BH', 'BO', 'BR', 'BY', 'CA', 'CH', 'CL', 'CO', 'CR', 'CY', 'CZ', 'DE', 'DK', 'DO', 'DZ', 'EC', 'EE', 'EG', 'ES', 'FI', 'FR', 'GB', 'GR', 'GT', 'HK', 'HN', 'HR', 'HU', 'ID', 'IE', 'IL', 'IN', 'IS', 'IT', 'JO', 'JP', 'KW', 'KZ', 'LB', 'LI', 'LT', 'LU', 'LV', 'MA', 'MC', 'MD', 'ME', 'MK', 'MT', 'MX', 'MY', 'NI', 'NL', 'NO', 'NZ', 'OM', 'PA', 'PE', 'PH', 'PL', 'PS', 'PT', 'PY', 'QA', 'RO', 'RS', 'RU', 'SA', 'SE', 'SG', 'SI', 'SK', 'SV', 'TH', 'TN', 'TR', 'TW', 'UA', 'US', 'UY', 'VN', 'XK', 'ZA']",spotify:track:06ioYJ99HHjzRk8HrGfkKS,0.883,0.415,6,-8.571,0,0.174,0.35,0.0,0.063,0.318,76.986,155867,4
Ant Clemons,Better Days (feat. Justin Timberlake),68,198600,False,"['AD', 'AE', 'AL', 'AR', 'AT', 'AU', 'BA', 'BE', 'BG', 'BH', 'BO', 'BR', 'BY', 'CA', 'CH', 'CL', 'CO', 'CR', 'CY', 'CZ', 'DE', 'DK', 'DO', 'DZ', 'EC', 'EE', 'EG', 'ES', 'FI', 'FR', 'GB', 'GR', 'GT', 'HK', 'HN', 'HR', 'HU', 'ID', 'IE', 'IL', 'IN', 'IS', 'IT', 'JO', 'JP', 'KW', 'KZ', 'LB', 'LI', 'LT', 'LU', 'LV', 'MA', 'MC', 'MD', 'ME', 'MK', 'MT', 'MX', 'MY', 'NI', 'NL', 'NO', 'NZ', 'OM', 'PA', 'PE', 'PH', 'PL', 'PS', 'PT', 'PY', 'QA', 'RO', 'RS', 'RU', 'SA', 'SE', 'SG', 'SI', 'SK', 'SV', 'TH', 'TN', 'TR', 'TW', 'UA', 'US', 'UY', 'VN', 'XK', 'ZA']",spotify:track:25yS1e5PLLhEGEaKnsfY6S,0.46,0.453,5,-6.714,0,0.0331,0.579,0.0,0.119,0.498,143.35,198600,3
Duncan Laurence,Arcade (feat. FLETCHER),65,187453,False,"['AD', 'AE', 'AL', 'AR', 'AT', 'AU', 'BA', 'BE', 'BG', 'BH', 'BO', 'BR', 'BY', 'CA', 'CH', 'CL', 'CO', 'CR', 'CY', 'CZ', 'DE', 'DK', 'DO', 'DZ', 'EC', 'EE', 'EG', 'ES', 'FI', 'FR', 'GB', 'GR', 'GT', 'HK', 'HN', 'HR', 'HU', 'ID', 'IE', 'IL', 'IN', 'IS', 'IT', 'JO', 'JP', 'KW', 'KZ', 'LB', 'LI', 'LT', 'LU', 'LV', 'MA', 'MC', 'MD', 'ME', 'MK', 'MT', 'MX', 'MY', 'NI', 'NL', 'NO', 'NZ', 'OM', 'PA', 'PE', 'PH', 'PL', 'PS', 'PT', 'PY', 'QA', 'RO', 'RS', 'RU', 'SA', 'SE', 'SG', 'SI', 'SK', 'SV', 'TH', 'TN', 'TR', 'TW', 'UA', 'US', 'UY', 'VN', 'XK', 'ZA']",spotify:track:4Ld4kbKo1eOzToQ0P8JA0V,0.446,0.395,0,-9.328,1,0.0365,0.815,0.00216,0.128,0.267,71.944,187453,3
Hayd,Changes,68,214814,False,"['AD', 'AE', 'AL', 'AR', 'AT', 'AU', 'BA', 'BE', 'BG', 'BH', 'BO', 'BR', 'BY', 'CA', 'CH', 'CL', 'CO', 'CR', 'CY', 'CZ', 'DE', 'DK', 'DO', 'DZ', 'EC', 'EE', 'EG', 'ES', 'FI', 'FR', 'GB', 'GR', 'GT', 'HK', 'HN', 'HR', 'HU', 'ID', 'IE', 'IL', 'IN', 'IS', 'IT', 'JO', 'JP', 'KW', 'KZ', 'LB', 'LI', 'LT', 'LU', 'LV', 'MA', 'MC', 'MD', 'ME', 'MK', 'MT', 'MX', 'MY', 'NI', 'NL', 'NO', 'NZ', 'OM', 'PA', 'PE', 'PH', 'PL', 'PS', 'PT', 'PY', 'QA', 'RO', 'RS', 'RU', 'SA', 'SE', 'SG', 'SI', 'SK', 'SV', 'TH', 'TN', 'TR', 'TW', 'UA', 'US', 'UY', 'VN', 'XK', 'ZA']",spotify:track:2v8GT5HHcqFaTXS2xijw4r,0.648,0.115,6,-17.133,1,0.0445,0.939,3.88e-05,0.11,0.29,119.967,214815,4
Tai Verdes,DRUGS,70,159546,True,['US'],spotify:track:0ooz46SAYMJsdOPnwW4nKK,0.868,0.449,8,-7.713,1,0.0694,0.107,0.0,0.631,0.746,106.852,159547,4
Frances Forever,Space Girl,75,231428,False,"['AD', 'AE', 'AL', 'AR', 'AT', 'AU', 'BA', 'BE', 'BG', 'BH', 'BO', 'BR', 'BY', 'CA', 'CH', 'CL', 'CO', 'CR', 'CY', 'CZ', 'DE', 'DK', 'DO', 'DZ', 'EC', 'EE', 'EG', 'ES', 'FI', 'FR', 'GB', 'GR', 'GT', 'HK', 'HN', 'HR', 'HU', 'ID', 'IE', 'IL', 'IN', 'IS', 'IT', 'JO', 'JP', 'KW', 'KZ', 'LB', 'LI', 'LT', 'LU', 'LV', 'MA', 'MC', 'MD', 'ME', 'MK', 'MT', 'MX', 'MY', 'NI', 'NL', 'NO', 'NZ', 'OM', 'PA', 'PE', 'PH', 'PL', 'PS', 'PT', 'PY', 'QA', 'RO', 'RS', 'RU', 'SA', 'SE', 'SG', 'SI', 'SK', 'SV', 'TH', 'TN', 'TR', 'TW', 'UA', 'US', 'UY', 'VN', 'XK', 'ZA']",spotify:track:5tfZ1uYrArdbDqiZ7z1aCE,0.67,0.398,9,-9.14,1,0.0306,0.319,0.000113,0.38,0.219,125.983,231429,4
Bastille,Goosebumps,68,167693,True,"['AD', 'AE', 'AL', 'AR', 'AT', 'AU', 'BA', 'BE', 'BG', 'BH', 'BO', 'BR', 'BY', 'CA', 'CH', 'CL', 'CO', 'CR', 'CY', 'CZ', 'DE', 'DK', 'DO', 'DZ', 'EC', 'EE', 'EG', 'ES', 'FI', 'FR', 'GB', 'GR', 'GT', 'HK', 'HN', 'HR', 'HU', 'ID', 'IE', 'IL', 'IN', 'IS', 'IT', 'JO', 'JP', 'KW', 'KZ', 'LB', 'LI', 'LT', 'LU', 'LV', 'MA', 'MC', 'MD', 'ME', 'MK', 'MT', 'MX', 'MY', 'NI', 'NL', 'NO', 'NZ', 'OM', 'PA', 'PE', 'PH', 'PL', 'PS', 'PT', 'PY', 'QA', 'RO', 'RS', 'RU', 'SA', 'SE', 'SG', 'SI', 'SK', 'SV', 'TH', 'TN', 'TR', 'TW', 'UA', 'US', 'UY', 'VN', 'XK', 'ZA']",spotify:track:4vaX8KIjBXs77lQJFU5BOu,0.651,0.606,6,-6.107,0,0.0392,0.0708,0.00183,0.328,0.781,78.007,167693,4
Little Mix,Sweet Melody,81,213693,False,"['AD', 'AE', 'AL', 'AR', 'AT', 'AU', 'BA', 'BE', 'BG', 'BH', 'BO', 'BR', 'BY', 'CA', 'CH', 'CL', 'CO', 'CR', 'CY', 'CZ', 'DE', 'DK', 'DO', 'DZ', 'EC', 'EE', 'EG', 'ES', 'FI', 'FR', 'GB', 'GR', 'GT', 'HK', 'HN', 'HR', 'HU', 'ID', 'IE', 'IL', 'IN', 'IS', 'IT', 'JO', 'JP', 'KW', 'KZ', 'LB', 'LI', 'LT', 'LU', 'LV', 'MA', 'MC', 'MD', 'ME', 'MK', 'MT', 'MX', 'MY', 'NI', 'NL', 'NO', 'NZ', 'OM', 'PA', 'PE', 'PH', 'PL', 'PS', 'PT', 'PY', 'QA', 'RO', 'RS', 'RU', 'SA', 'SG', 'SI', 'SK', 'SV', 'TH', 'TN', 'TR', 'TW', 'UA', 'US', 'UY', 'VN', 'XK', 'ZA']",spotify:track:28xX6K8LnkZve4RiuEB3iK,0.448,0.824,5,-4.249,0,0.057,0.0739,0.0,0.113,0.419,119.965,213693,4
RAYE,Regardless,73,197573,False,"['AD', 'AE', 'AL', 'AR', 'AT', 'AU', 'BA', 'BE', 'BG', 'BH', 'BO', 'BR', 'BY', 'CA', 'CH', 'CL', 'CO', 'CR', 'CY', 'CZ', 'DE', 'DK', 'DO', 'DZ', 'EC', 'EE', 'EG', 'ES', 'FI', 'FR', 'GB', 'GR', 'GT', 'HK', 'HN', 'HR', 'HU', 'ID', 'IE', 'IL', 'IN', 'IS', 'IT', 'JO', 'JP', 'KW', 'KZ', 'LB', 'LI', 'LT', 'LU', 'LV', 'MA', 'MC', 'MD', 'ME', 'MK', 'MT', 'MX', 'MY', 'NI', 'NL', 'NO', 'NZ', 'OM', 'PA', 'PE', 'PH', 'PL', 'PS', 'PT', 'PY', 'QA', 'RO', 'RS', 'RU', 'SA', 'SE', 'SG', 'SI', 'SK', 'SV', 'TH', 'TN', 'TR', 'TW', 'UA', 'US', 'UY', 'VN', 'XK', 'ZA']",spotify:track:3DTqHfTGj1c6y2gDXsTez4,0.749,0.82,7,-6.114,1,0.0478,0.0205,0.000685,0.0775,0.534,120.066,197573,4
Miley Cyrus,Angels Like You,78,196453,False,"['AD', 'AE', 'AL', 'AR', 'AT', 'AU', 'BA', 'BE', 'BG', 'BH', 'BO', 'BR', 'BY', 'CA', 'CH', 'CL', 'CO', 'CR', 'CY', 'CZ', 'DK', 'DO', 'DZ', 'EC', 'EE', 'EG', 'ES', 'FI', 'FR', 'GB', 'GR', 'GT', 'HK', 'HN', 'HR', 'HU', 'ID', 'IE', 'IL', 'IN', 'IS', 'IT', 'JO', 'KW', 'KZ', 'LB', 'LI', 'LT', 'LU', 'LV', 'MA', 'MC', 'MD', 'ME', 'MK', 'MT', 'MX', 'MY', 'NI', 'NL', 'NO', 'NZ', 'OM', 'PA', 'PE', 'PH', 'PL', 'PS', 'PT', 'PY', 'QA', 'RO', 'RS', 'RU', 'SA', 'SE', 'SG', 'SI', 'SK', 'SV', 'TH', 'TN', 'TR', 'TW', 'UA', 'US', 'UY', 'VN', 'XK', 'ZA']",spotify:track:0QdePZJfBpRIBautuT4FSx,0.672,0.642,5,-4.035,1,0.0313,0.0981,0.0,0.1,0.494,121.981,196453,4
Popp Hunna,Adderall (Corvette Corvette),82,136224,True,"['AD', 'AE', 'AL', 'AR', 'AT', 'AU', 'BA', 'BE', 'BG', 'BH', 'BO', 'BR', 'BY', 'CA', 'CH', 'CL', 'CO', 'CR', 'CY', 'CZ', 'DE', 'DK', 'DO', 'DZ', 'EC', 'EE', 'EG', 'ES', 'FI', 'FR', 'GB', 'GR', 'GT', 'HK', 'HN', 'HR', 'HU', 'ID', 'IE', 'IL', 'IN', 'IS', 'IT', 'JO', 'JP', 'KW', 'KZ', 'LB', 'LI', 'LT', 'LU', 'LV', 'MA', 'MC', 'MD', 'ME', 'MK', 'MT', 'MX', 'MY', 'NI', 'NL', 'NO', 'NZ', 'OM', 'PA', 'PE', 'PH', 'PL', 'PS', 'PT', 'PY', 'QA', 'RO', 'RS', 'RU', 'SA', 'SE', 'SG', 'SI', 'SK', 'SV', 'TH', 'TN', 'TR', 'TW', 'UA', 'US', 'UY', 'VN', 'XK', 'ZA']",spotify:track:3aAmQOxRPeKDL0HMWFA5qn,0.913,0.391,4,-11.158,0,0.368,0.272,0.0,0.0666,0.713,141.05,136224,4
Why Don't We,Fallin’ (Adrenaline),81,216504,False,"['AD', 'AE', 'AL', 'AR', 'AT', 'AU', 'BA', 'BE', 'BG', 'BH', 'BO', 'BR', 'BY', 'CA', 'CH', 'CL', 'CO', 'CR', 'CY', 'CZ', 'DE', 'DK', 'DO', 'DZ', 'EC', 'EE', 'EG', 'ES', 'FI', 'FR', 'GB', 'GR', 'GT', 'HK', 'HN', 'HR', 'HU', 'ID', 'IE', 'IL', 'IN', 'IS', 'IT', 'JO', 'JP', 'KW', 'KZ', 'LB', 'LI', 'LT', 'LU', 'LV', 'MA', 'MC', 'MD', 'ME', 'MK', 'MT', 'MX', 'MY', 'NI', 'NL', 'NO', 'NZ', 'OM', 'PA', 'PE', 'PH', 'PL', 'PS', 'PT', 'PY', 'QA', 'RO', 'RS', 'RU', 'SA', 'SE', 'SG', 'SI', 'SK', 'SV', 'TH', 'TN', 'TR', 'TW', 'UA', 'US', 'UY', 'VN', 'XK', 'ZA']",spotify:track:5GhJIMWAw0uMLgkdbt6uMz,0.606,0.9,0,-4.504,1,0.119,0.0101,0.0,0.075,0.233,133.963,216504,4
Wes Nelson,See Nobody,79,203650,True,"['AD', 'AE', 'AL', 'AR', 'AT', 'AU', 'BA', 'BE', 'BG', 'BH', 'BO', 'BR', 'BY', 'CA', 'CH', 'CL', 'CO', 'CR', 'CY', 'CZ', 'DE', 'DK', 'DO', 'DZ', 'EC', 'EE', 'EG', 'ES', 'FI', 'FR', 'GB', 'GR', 'GT', 'HK', 'HN', 'HR', 'HU', 'ID', 'IE', 'IL', 'IN', 'IS', 'IT', 'JO', 'JP', 'KW', 'KZ', 'LB', 'LI', 'LT', 'LU', 'LV', 'MA', 'MC', 'MD', 'ME', 'MK', 'MT', 'MX', 'MY', 'NI', 'NL', 'NO', 'NZ', 'OM', 'PA', 'PE', 'PH', 'PL', 'PS', 'PT', 'PY', 'QA', 'RO', 'RS', 'RU', 'SA', 'SE', 'SG', 'SI', 'SK', 'SV', 'TH', 'TN', 'TR', 'TW', 'UA', 'US', 'UY', 'VN', 'XK', 'ZA']",spotify:track:0osdzA0D159EUmBcrwMcB4,0.826,0.66,7,-4.837,0,0.0953,0.0852,9.26e-06,0.148,0.626,104.994,203651,4
Anitta,Me Gusta - Remix (feat. Cardi B & 24kGoldn),69,164791,True,"['AD', 'AE', 'AL', 'AR', 'AT', 'AU', 'BA', 'BE', 'BG', 'BH', 'BO', 'BR', 'BY', 'CA', 'CH', 'CL', 'CO', 'CR', 'CY', 'CZ', 'DE', 'DK', 'DO', 'DZ', 'EC', 'EE', 'EG', 'ES', 'FI', 'FR', 'GB', 'GR', 'GT', 'HK', 'HN', 'HR', 'HU', 'ID', 'IE', 'IL', 'IN', 'IS', 'IT', 'JO', 'JP', 'KW', 'KZ', 'LB', 'LI', 'LT', 'LU', 'LV', 'MA', 'MC', 'MD', 'ME', 'MK', 'MT', 'MX', 'MY', 'NI', 'NL', 'NO', 'NZ', 'OM', 'PA', 'PE', 'PH', 'PL', 'PS', 'PT', 'PY', 'QA', 'RO', 'RS', 'RU', 'SA', 'SE', 'SG', 'SI', 'SK', 'SV', 'TH', 'TN', 'TR', 'TW', 'UA', 'US', 'UY', 'VN', 'XK', 'ZA']",spotify:track:6vrsT2dvgbttZXmPYNfY8i,0.902,0.721,6,-4.199,0,0.0768,0.457,0.0,0.0716,0.788,110.044,164791,4
The Kid LAROI,SO DONE,87,126521,False,"['AD', 'AE', 'AL', 'AR', 'AT', 'AU', 'BA', 'BE', 'BG', 'BH', 'BO', 'BR', 'BY', 'CA', 'CH', 'CL', 'CO', 'CR', 'CY', 'CZ', 'DE', 'DK', 'DO', 'DZ', 'EC', 'EE', 'EG', 'ES', 'FI', 'FR', 'GB', 'GR', 'GT', 'HK', 'HN', 'HR', 'HU', 'ID', 'IE', 'IL', 'IN', 'IS', 'IT', 'JO', 'JP', 'KW', 'KZ', 'LB', 'LI', 'LT', 'LU', 'LV', 'MA', 'MC', 'MD', 'ME', 'MK', 'MT', 'MX', 'MY', 'NI', 'NL', 'NO', 'NZ', 'OM', 'PA', 'PE', 'PH', 'PL', 'PS', 'PT', 'PY', 'QA', 'RO', 'RS', 'RU', 'SA', 'SE', 'SG', 'SI', 'SK', 'SV', 'TH', 'TN', 'TR', 'TW', 'UA', 'US', 'UY', 'VN', 'XK', 'ZA']",spotify:track:5psEZhQu6lukjhavJo4AbC,0.719,0.598,9,-6.254,1,0.077,0.232,0.0,0.115,0.303,142.592,126521,4
Gracie Abrams,Stay,72,177152,False,"['AD', 'AE', 'AL', 'AR', 'AT', 'AU', 'BA', 'BE', 'BG', 'BH', 'BO', 'BR', 'BY', 'CA', 'CH', 'CL', 'CO', 'CR', 'CY', 'CZ', 'DE', 'DK', 'DO', 'DZ', 'EC', 'EE', 'EG', 'ES', 'FI', 'FR', 'GB', 'GR', 'GT', 'HK', 'HN', 'HR', 'HU', 'ID', 'IE', 'IL', 'IN', 'IS', 'IT', 'JO', 'JP', 'KW', 'KZ', 'LB', 'LI', 'LT', 'LU', 'LV', 'MA', 'MC', 'MD', 'ME', 'MK', 'MT', 'MX', 'MY', 'NI', 'NL', 'NO', 'NZ', 'OM', 'PA', 'PE', 'PH', 'PL', 'PS', 'PT', 'PY', 'QA', 'RO', 'RS', 'RU', 'SA', 'SE', 'SG', 'SI', 'SK', 'SV', 'TH', 'TN', 'TR', 'TW', 'UA', 'US', 'UY', 'VN', 'XK', 'ZA']",spotify:track:0Uon5NsSAkBDx69XYOaQ5P,0.618,0.37,10,-10.5,1,0.0543,0.883,0.0,0.123,0.433,114.26,177153,4
Gabby Barrett,I Hope (feat. Charlie Puth),74,209763,False,"['AD', 'AE', 'AL', 'AR', 'AT', 'AU', 'BA', 'BE', 'BG', 'BH', 'BO', 'BR', 'BY', 'CA', 'CH', 'CL', 'CO', 'CR', 'CY', 'CZ', 'DE', 'DK', 'DO', 'DZ', 'EC', 'EE', 'EG', 'ES', 'FI', 'FR', 'GB', 'GR', 'GT', 'HK', 'HN', 'HR', 'HU', 'ID', 'IE', 'IL', 'IN', 'IS', 'IT', 'JO', 'JP', 'KW', 'KZ', 'LB', 'LI', 'LT', 'LU', 'LV', 'MA', 'MC', 'MD', 'ME', 'MK', 'MT', 'MX', 'MY', 'NI', 'NL', 'NO', 'NZ', 'OM', 'PA', 'PE', 'PH', 'PL', 'PS', 'PT', 'PY', 'QA', 'RO', 'RS', 'RU', 'SA', 'SE', 'SG', 'SI', 'SK', 'SV', 'TH', 'TN', 'TR', 'TW', 'UA', 'US', 'UY', 'VN', 'XK', 'ZA']",spotify:track:5cYFwgA5dHoqR3xGnlr9ew,0.554,0.576,6,-6.495,1,0.0399,0.171,0.0,0.159,0.409,74.942,209763,4
Robin Schulz,All We Got (feat. KIDDO),82,190218,True,"['AD', 'AE', 'AL', 'AR', 'AT', 'AU', 'BA', 'BE', 'BG', 'BH', 'BO', 'BR', 'BY', 'CA', 'CH', 'CL', 'CO', 'CR', 'CY', 'CZ', 'DE', 'DK', 'DO', 'DZ', 'EC', 'EE', 'EG', 'ES', 'FI', 'FR', 'GB', 'GR', 'GT', 'HK', 'HN', 'HR', 'HU', 'ID', 'IE', 'IL', 'IN', 'IS', 'IT', 'JO', 'JP', 'KW', 'KZ', 'LB', 'LI', 'LT', 'LU', 'LV', 'MA', 'MC', 'MD', 'ME', 'MK', 'MT', 'MX', 'MY', 'NI', 'NL', 'NO', 'NZ', 'OM', 'PA', 'PE', 'PH', 'PL', 'PS', 'PT', 'PY', 'QA', 'RO', 'RS', 'RU', 'SA', 'SE', 'SG', 'SI', 'SK', 'SV', 'TH', 'TN', 'TR', 'TW', 'UA', 'US', 'UY', 'VN', 'XK', 'ZA']",spotify:track:1FP9s72rDYty6mfoOEYKnE,0.504,0.76,4,-4.246,1,0.0426,0.286,0.0,0.151,0.64,183.933,190218,4
Nathan Dawe,No Time For Tears,74,196777,False,"['AD', 'AE', 'AL', 'AR', 'AT', 'AU', 'BA', 'BE', 'BG', 'BH', 'BO', 'BR', 'BY', 'CA', 'CH', 'CL', 'CO', 'CR', 'CY', 'CZ', 'DE', 'DK', 'DO', 'DZ', 'EC', 'EE', 'EG', 'ES', 'FI', 'FR', 'GB', 'GR', 'GT', 'HK', 'HN', 'HR', 'HU', 'ID', 'IE', 'IL', 'IN', 'IS', 'IT', 'JO', 'JP', 'KW', 'KZ', 'LB', 'LI', 'LT', 'LU', 'LV', 'MA', 'MC', 'MD', 'ME', 'MK', 'MT', 'MX', 'MY', 'NI', 'NL', 'NO', 'NZ', 'OM', 'PA', 'PE', 'PH', 'PL', 'PS', 'PT', 'PY', 'QA', 'RO', 'RS', 'RU', 'SA', 'SE', 'SG', 'SI', 'SK', 'SV', 'TH', 'TN', 'TR', 'TW', 'UA', 'US', 'UY', 'VN', 'XK', 'ZA']",spotify:track:2Rr1INov0ckj7bLTsk9LV1,0.543,0.881,9,-3.035,0,0.188,0.0263,1.41e-05,0.107,0.397,125.009,196777,4
Johnny 2 Phones,RESCUE,66,157995,True,"['AD', 'AE', 'AL', 'AR', 'AT', 'AU', 'BA', 'BE', 'BG', 'BH', 'BO', 'BR', 'BY', 'CA', 'CH', 'CL', 'CO', 'CR', 'CY', 'CZ', 'DE', 'DK', 'DO', 'DZ', 'EC', 'EE', 'EG', 'ES', 'FI', 'FR', 'GB', 'GR', 'GT', 'HK', 'HN', 'HR', 'HU', 'ID', 'IE', 'IL', 'IN', 'IS', 'IT', 'JO', 'JP', 'KW', 'KZ', 'LB', 'LI', 'LT', 'LU', 'LV', 'MA', 'MC', 'MD', 'ME', 'MK', 'MT', 'MX', 'MY', 'NI', 'NL', 'NO', 'NZ', 'OM', 'PA', 'PE', 'PH', 'PL', 'PS', 'PT', 'PY', 'QA', 'RO', 'RS', 'RU', 'SA', 'SE', 'SG', 'SI', 'SK', 'SV', 'TH', 'TN', 'TR', 'TW', 'UA', 'US', 'UY', 'VN', 'XK', 'ZA']",spotify:track:4qnVxBglqdM4IQRZpzT2mp,0.87,0.602,1,-9.238,1,0.123,0.201,1.2e-05,0.326,0.969,127.978,157995,4
Lyn Lapid,Producer Man,70,141672,False,"['AD', 'AE', 'AL', 'AR', 'AT', 'AU', 'BA', 'BE', 'BG', 'BH', 'BO', 'BR', 'BY', 'CA', 'CH', 'CL', 'CO', 'CR', 'CY', 'CZ', 'DE', 'DK', 'DO', 'DZ', 'EC', 'EE', 'EG', 'ES', 'FI', 'FR', 'GB', 'GR', 'GT', 'HK', 'HN', 'HR', 'HU', 'ID', 'IE', 'IL', 'IN', 'IS', 'IT', 'JO', 'JP', 'KW', 'KZ', 'LB', 'LI', 'LT', 'LU', 'LV', 'MA', 'MC', 'MD', 'ME', 'MK', 'MT', 'MX', 'MY', 'NI', 'NL', 'NO', 'NZ', 'OM', 'PA', 'PE', 'PH', 'PL', 'PS', 'PT', 'PY', 'QA', 'RO', 'RS', 'RU', 'SA', 'SE', 'SG', 'SI', 'SK', 'SV', 'TH', 'TN', 'TR', 'TW', 'UA', 'US', 'UY', 'VN', 'XK', 'ZA']",spotify:track:5BArc3UpONi77FMkNT4LYU,0.66,0.639,10,-5.364,0,0.223,0.129,0.0,0.256,0.75,173.994,141673,4
Morgan Wallen,Somebody’s Problem,81,161773,False,"['AD', 'AE', 'AL', 'AR', 'AT', 'AU', 'BA', 'BE', 'BG', 'BH', 'BO', 'BR', 'BY', 'CA', 'CH', 'CL', 'CO', 'CR', 'CY', 'CZ', 'DE', 'DK', 'DO', 'DZ', 'EC', 'EE', 'EG', 'ES', 'FI', 'FR', 'GB', 'GR', 'GT', 'HK', 'HN', 'HR', 'HU', 'ID', 'IE', 'IL', 'IN', 'IS', 'IT', 'JO', 'JP', 'KW', 'KZ', 'LB', 'LI', 'LT', 'LU', 'LV', 'MA', 'MC', 'MD', 'ME', 'MK', 'MT', 'MX', 'MY', 'NI', 'NL', 'NO', 'NZ', 'OM', 'PA', 'PE', 'PH', 'PL', 'PS', 'PT', 'PY', 'QA', 'RO', 'RS', 'RU', 'SA', 'SE', 'SG', 'SI', 'SK', 'SV', 'TH', 'TN', 'TR', 'TW', 'UA', 'US', 'UY', 'VN', 'XK', 'ZA']",spotify:track:0SErdEdRcVX1uJCf1eTGYH,0.657,0.54,5,-7.675,1,0.0287,0.662,0.0,0.123,0.625,136.97,161773,4
G-Eazy,Hate The Way (feat. blackbear),79,214363,True,"['AD', 'AE', 'AL', 'AR', 'AT', 'AU', 'BA', 'BE', 'BG', 'BH', 'BO', 'BR', 'BY', 'CA', 'CH', 'CL', 'CO', 'CR', 'CY', 'CZ', 'DE', 'DK', 'DO', 'DZ', 'EC', 'EE', 'EG', 'ES', 'FI', 'FR', 'GB', 'GR', 'GT', 'HK', 'HN', 'HR', 'HU', 'ID', 'IE', 'IL', 'IN', 'IS', 'IT', 'JO', 'JP', 'KW', 'KZ', 'LB', 'LI', 'LT', 'LU', 'LV', 'MA', 'MC', 'MD', 'ME', 'MK', 'MT', 'MX', 'MY', 'NI', 'NL', 'NO', 'NZ', 'OM', 'PA', 'PE', 'PH', 'PL', 'PS', 'PT', 'PY', 'QA', 'RO', 'RS', 'RU', 'SA', 'SE', 'SG', 'SI', 'SK', 'SV', 'TH', 'TN', 'TR', 'TW', 'UA', 'US', 'UY', 'VN', 'XK', 'ZA']",spotify:track:3QGppKBPd9gHOgHJzRbVIw,0.569,0.865,4,-3.844,0,0.266,0.0673,0.0,0.312,0.361,82.011,214363,4
Tate McRae,lie to me,79,177440,False,"['AD', 'AE', 'AL', 'AR', 'AT', 'AU', 'BA', 'BE', 'BG', 'BH', 'BO', 'BR', 'BY', 'CA', 'CH', 'CL', 'CO', 'CR', 'CY', 'CZ', 'DE', 'DK', 'DO', 'DZ', 'EC', 'EE', 'EG', 'ES', 'FI', 'FR', 'GB', 'GR', 'GT', 'HK', 'HN', 'HR', 'HU', 'ID', 'IE', 'IL', 'IN', 'IS', 'IT', 'JO', 'JP', 'KW', 'KZ', 'LB', 'LI', 'LT', 'LU', 'LV', 'MA', 'MC', 'MD', 'ME', 'MK', 'MT', 'MX', 'MY', 'NI', 'NL', 'NO', 'NZ', 'OM', 'PA', 'PE', 'PH', 'PL', 'PS', 'PT', 'PY', 'QA', 'RO', 'RS', 'RU', 'SA', 'SE', 'SG', 'SI', 'SK', 'SV', 'TH', 'TN', 'TR', 'TW', 'UA', 'US', 'UY', 'VN', 'XK', 'ZA']",spotify:track:4f9IfFvBFm7Gsf1IVEudyf,0.642,0.392,4,-7.846,0,0.0372,0.0151,0.0,0.352,0.0479,138.065,177440,4
Major Lazer,Hell and High Water (feat. Alessia Cara),54,145411,False,"['AU', 'JP', 'NZ']",spotify:track:5C2ry6OWozoqrEDyBz7MOX,0.474,0.772,5,-5.925,0,0.26,0.368,3.32e-06,0.183,0.427,169.893,145412,4
Maluma,Hawái - Remix,90,200481,False,"['AD', 'AE', 'AL', 'AR', 'AT', 'AU', 'BA', 'BE', 'BG', 'BH', 'BO', 'BR', 'BY', 'CA', 'CH', 'CL', 'CO', 'CR', 'CY', 'CZ', 'DE', 'DK', 'DO', 'DZ', 'EC', 'EE', 'EG', 'ES', 'FI', 'FR', 'GB', 'GR', 'GT', 'HK', 'HN', 'HR', 'HU', 'ID', 'IE', 'IL', 'IN', 'IS', 'IT', 'JO', 'JP', 'KW', 'KZ', 'LB', 'LI', 'LT', 'LU', 'LV', 'MA', 'MC', 'MD', 'ME', 'MK', 'MT', 'MX', 'MY', 'NI', 'NL', 'NO', 'NZ', 'OM', 'PA', 'PE', 'PH', 'PL', 'PS', 'PT', 'PY', 'QA', 'RO', 'RS', 'RU', 'SA', 'SE', 'SG', 'SI', 'SK', 'SV', 'TH', 'TN', 'TR', 'TW', 'UA', 'US', 'UY', 'VN', 'XK', 'ZA']",spotify:track:0GzuHFG4Ql6DoyxFRnIk3F,0.766,0.788,6,-3.128,0,0.312,0.105,5.81e-06,0.142,0.609,179.984,200482,4
Ariana Grande,pov,79,201882,False,"['AD', 'AE', 'AL', 'AR', 'AT', 'AU', 'BA', 'BE', 'BG', 'BH', 'BO', 'BR', 'BY', 'CA', 'CH', 'CL', 'CO', 'CR', 'CY', 'CZ', 'DE', 'DK', 'DO', 'DZ', 'EC', 'EE', 'EG', 'ES', 'FI', 'FR', 'GB', 'GR', 'GT', 'HK', 'HN', 'HR', 'HU', 'ID', 'IE', 'IL', 'IN', 'IS', 'IT', 'JO', 'JP', 'KW', 'KZ', 'LB', 'LI', 'LT', 'LU', 'LV', 'MA', 'MC', 'MD', 'ME', 'MK', 'MT', 'MX', 'MY', 'NI', 'NL', 'NO', 'NZ', 'OM', 'PA', 'PE', 'PH', 'PL', 'PS', 'PT', 'PY', 'QA', 'RO', 'RS', 'RU', 'SA', 'SE', 'SG', 'SI', 'SK', 'SV', 'TH', 'TN', 'TR', 'TW', 'UA', 'US', 'UY', 'VN', 'XK', 'ZA']",spotify:track:1bj8x3ERN9gSc2NfJIpc76,0.474,0.533,0,-5.648,0,0.0559,0.36,0.0,0.101,0.165,131.762,201882,4
Anne-Marie,Problems,69,155826,False,"['AD', 'AE', 'AL', 'AR', 'AT', 'AU', 'BA', 'BE', 'BG', 'BH', 'BO', 'BR', 'BY', 'CA', 'CH', 'CL', 'CO', 'CR', 'CY', 'CZ', 'DE', 'DK', 'DO', 'DZ', 'EC', 'EE', 'EG', 'ES', 'FI', 'FR', 'GB', 'GR', 'GT', 'HK', 'HN', 'HR', 'HU', 'ID', 'IE', 'IL', 'IN', 'IS', 'IT', 'JO', 'JP', 'KW', 'KZ', 'LB', 'LI', 'LT', 'LU', 'LV', 'MA', 'MC', 'MD', 'ME', 'MK', 'MT', 'MX', 'MY', 'NI', 'NL', 'NO', 'NZ', 'OM', 'PA', 'PE', 'PH', 'PL', 'PS', 'PT', 'PY', 'QA', 'RO', 'RS', 'RU', 'SA', 'SE', 'SG', 'SI', 'SK', 'SV', 'TH', 'TN', 'TR', 'TW', 'UA', 'US', 'UY', 'VN', 'XK', 'ZA']",spotify:track:51TeC7QD7g4pyDz8FQDXdS,0.704,0.445,6,-8.345,0,0.0559,0.615,0.0,0.346,0.653,139.975,155826,4
Tom Gregory,Rather Be You,62,172617,False,"['AD', 'AE', 'AL', 'AR', 'AT', 'BA', 'BH', 'BO', 'BR', 'BY', 'CA', 'CH', 'CL', 'CO', 'CR', 'CY', 'CZ', 'DE', 'DO', 'DZ', 'EC', 'EE', 'EG', 'ES', 'GR', 'GT', 'HK', 'HN', 'HR', 'HU', 'ID', 'IL', 'IN', 'IS', 'JO', 'JP', 'KW', 'KZ', 'LB', 'LI', 'LT', 'LV', 'MA', 'MC', 'MD', 'ME', 'MK', 'MT', 'MX', 'MY', 'NI', 'OM', 'PA', 'PE', 'PH', 'PS', 'PT', 'PY', 'QA', 'RO', 'RS', 'RU', 'SA', 'SG', 'SI', 'SK', 'SV', 'TH', 'TN', 'TR', 'TW', 'UA', 'US', 'UY', 'VN', 'XK', 'ZA']",spotify:track:4azrDVsjdtADc5mQOSsKqq,0.748,0.71,0,-4.469,0,0.0366,0.177,0.0,0.171,0.603,89.003,172618,4
Sam Smith,Kids Again,74,207528,False,"['AD', 'AE', 'AL', 'AR', 'AT', 'AU', 'BA', 'BE', 'BG', 'BH', 'BO', 'BR', 'BY', 'CA', 'CH', 'CL', 'CO', 'CR', 'CY', 'CZ', 'DE', 'DK', 'DO', 'DZ', 'EC', 'EE', 'EG', 'ES', 'FI', 'FR', 'GB', 'GR', 'GT', 'HK', 'HN', 'HR', 'HU', 'ID', 'IE', 'IL', 'IN', 'IS', 'IT', 'JO', 'JP', 'KW', 'KZ', 'LB', 'LI', 'LT', 'LU', 'LV', 'MA', 'MC', 'MD', 'ME', 'MK', 'MT', 'MX', 'MY', 'NI', 'NL', 'NO', 'NZ', 'OM', 'PA', 'PE', 'PH', 'PL', 'PS', 'PT', 'PY', 'QA', 'RO', 'RS', 'RU', 'SA', 'SE', 'SG', 'SI', 'SK', 'SV', 'TH', 'TN', 'TR', 'TW', 'UA', 'US', 'UY', 'VN', 'XK', 'ZA']",spotify:track:1ABS9lKaZ1uXkXCqr9zFO7,0.666,0.726,11,-2.998,1,0.0262,0.486,0.0,0.0892,0.468,128.044,207528,4
Dua Lipa,Levitating (feat. DaBaby),90,203064,False,"['AD', 'AE', 'AL', 'AR', 'AU', 'BA', 'BE', 'BG', 'BH', 'BO', 'BR', 'BY', 'CA', 'CL', 'CO', 'CR', 'CY', 'CZ', 'DK', 'DO', 'DZ', 'EC', 'EE', 'EG', 'ES', 'FI', 'FR', 'GB', 'GR', 'GT', 'HK', 'HN', 'HR', 'HU', 'ID', 'IE', 'IL', 'IN', 'IS', 'IT', 'JO', 'JP', 'KW', 'KZ', 'LB', 'LI', 'LT', 'LU', 'LV', 'MA', 'MC', 'MD', 'ME', 'MK', 'MT', 'MX', 'MY', 'NI', 'NO', 'NZ', 'OM', 'PA', 'PE', 'PH', 'PL', 'PS', 'PT', 'PY', 'QA', 'RO', 'RS', 'RU', 'SA', 'SE', 'SG', 'SI', 'SK', 'SV', 'TH', 'TN', 'TR', 'TW', 'UA', 'US', 'UY', 'VN', 'XK', 'ZA']",spotify:track:463CkQjx2Zk1yXoBuierM9,0.702,0.825,6,-3.787,0,0.0601,0.00883,0.0,0.0674,0.915,102.977,203064,4
Ty Dolla $ign,Spicy (feat. Post Malone),80,144027,True,[],spotify:track:5nWVyZaCwtfAkBnwDuXjBh,0.784,0.496,7,-5.746,1,0.0435,0.14,0.0,0.113,0.132,100.002,144028,4
Marshmello,Too Much (feat. Usher),78,165704,False,"['AD', 'AE', 'AL', 'AR', 'AT', 'AU', 'BA', 'BE', 'BG', 'BH', 'BO', 'BR', 'CA', 'CH', 'CL', 'CO', 'CR', 'CY', 'CZ', 'DE', 'DK', 'DO', 'DZ', 'EC', 'EE', 'EG', 'ES', 'FI', 'FR', 'GB', 'GR', 'GT', 'HK', 'HN', 'HR', 'HU', 'ID', 'IE', 'IL', 'IN', 'IS', 'IT', 'JO', 'JP', 'KW', 'LB', 'LI', 'LT', 'LU', 'LV', 'MA', 'MC', 'ME', 'MK', 'MT', 'MX', 'MY', 'NI', 'NL', 'NO', 'NZ', 'OM', 'PA', 'PE', 'PH', 'PL', 'PS', 'PT', 'PY', 'QA', 'RO', 'RS', 'SA', 'SE', 'SG', 'SI', 'SK', 'SV', 'TH', 'TN', 'TR', 'TW', 'US', 'UY', 'VN', 'XK', 'ZA']",spotify:track:39umHdGKfpnjY4TFtnoQ51,0.712,0.891,6,-2.76,0,0.0401,0.00415,0.0,0.258,0.735,126.012,165704,4
jxdn,Tonight (feat. iann dior),72,135572,False,"['AD', 'AE', 'AL', 'AR', 'AT', 'AU', 'BA', 'BE', 'BG', 'BH', 'BO', 'BR', 'BY', 'CA', 'CH', 'CL', 'CO', 'CR', 'CY', 'CZ', 'DE', 'DK', 'DO', 'DZ', 'EC', 'EE', 'EG', 'ES', 'FI', 'FR', 'GB', 'GR', 'GT', 'HK', 'HN', 'HR', 'HU', 'ID', 'IE', 'IL', 'IN', 'IS', 'IT', 'JO', 'JP', 'KW', 'KZ', 'LB', 'LI', 'LT', 'LU', 'LV', 'MA', 'MC', 'MD', 'ME', 'MK', 'MT', 'MX', 'MY', 'NI', 'NL', 'NO', 'NZ', 'OM', 'PA', 'PE', 'PH', 'PL', 'PS', 'PT', 'PY', 'QA', 'RO', 'RS', 'RU', 'SA', 'SE', 'SG', 'SI', 'SK', 'SV', 'TH', 'TN', 'TR', 'TW', 'UA', 'US', 'UY', 'VN', 'XK', 'ZA']",spotify:track:6Tsro9u5bnTJxFjuzuNA7R,0.501,0.633,5,-6.56,1,0.0466,0.00358,0.0,0.351,0.463,165.029,135573,4
ROLE MODEL,blind,57,153293,False,[],spotify:track:6d1ffV5RisInvrDxkLgBxe,0.765,0.663,0,-5.221,1,0.0661,0.154,0.00024,0.0925,0.678,150.099,153293,4
Dermot Kennedy,Giants,75,177173,False,"['AD', 'AE', 'AL', 'AR', 'AT', 'AU', 'BA', 'BE', 'BG', 'BH', 'BO', 'BR', 'BY', 'CA', 'CH', 'CL', 'CO', 'CR', 'CY', 'CZ', 'DE', 'DK', 'DO', 'DZ', 'EC', 'EE', 'EG', 'ES', 'FI', 'FR', 'GB', 'GR', 'GT', 'HK', 'HN', 'HR', 'HU', 'ID', 'IE', 'IL', 'IN', 'IS', 'IT', 'JO', 'JP', 'KW', 'KZ', 'LB', 'LI', 'LT', 'LU', 'LV', 'MA', 'MC', 'MD', 'ME', 'MK', 'MT', 'MX', 'MY', 'NI', 'NL', 'NO', 'NZ', 'OM', 'PA', 'PE', 'PH', 'PL', 'PS', 'PT', 'PY', 'QA', 'RO', 'RS', 'RU', 'SA', 'SE', 'SG', 'SI', 'SK', 'SV', 'TH', 'TN', 'TR', 'TW', 'UA', 'US', 'UY', 'VN', 'XK', 'ZA']",spotify:track:43CHdbHYdcbUWP10UFKyZ7,0.572,0.833,8,-5.291,0,0.0754,0.014,5.77e-05,0.129,0.588,158.104,177173,4
Halsey,I'm Not Mad,72,173467,False,"['AD', 'AE', 'AL', 'AR', 'AT', 'AU', 'BA', 'BE', 'BG', 'BH', 'BO', 'BR', 'BY', 'CA', 'CH', 'CL', 'CO', 'CR', 'CY', 'CZ', 'DE', 'DK', 'DO', 'DZ', 'EC', 'EE', 'EG', 'ES', 'FI', 'FR', 'GB', 'GR', 'GT', 'HK', 'HN', 'HR', 'HU', 'ID', 'IE', 'IL', 'IN', 'IS', 'IT', 'JO', 'JP', 'KW', 'KZ', 'LB', 'LI', 'LT', 'LU', 'LV', 'MA', 'MC', 'MD', 'ME', 'MK', 'MT', 'MX', 'MY', 'NI', 'NL', 'NO', 'NZ', 'OM', 'PA', 'PE', 'PH', 'PL', 'PS', 'PT', 'PY', 'QA', 'RO', 'RS', 'RU', 'SA', 'SE', 'SG', 'SI', 'SK', 'SV', 'TH', 'TN', 'TR', 'TW', 'UA', 'US', 'UY', 'VN', 'XK', 'ZA']",spotify:track:6SL8U8TtdwOtGhbmGzsMfX,0.78,0.684,0,-5.758,1,0.0636,0.17,0.0,0.105,0.732,149.916,173467,4
